prompt_digest,song,artist,year,weeks,top,genius_url,coder_name,is_political,justification,confidence,updated_at
0010534a183c4f96f777b0c03a846f30,Ain't It A Sad Thing,R. Dean Taylor,1971,5,66,https://genius.com/R-dean-taylor-aint-it-a-sad-thing-lyrics,coder_a,1,"Little child upon my knee
Holds a picture of a tree
Tears in his eyes say where'd they all go
The tears in mine say I really don't know

Down by the river where the river don't flow
We can't go there no more
Down by the river where the river don't flow
The birds don't sing, ain't it a sad thing",1,2026-02-21T14:45:37Z
0010534a183c4f96f777b0c03a846f30,Ain't It A Sad Thing,R. Dean Taylor,1971,5,66,https://genius.com/R-dean-taylor-aint-it-a-sad-thing-lyrics,coder_b,1,"Cities eating up the land
Progress eating up the planet
The writing's in the slime on the sewer wall
You better look see or we're all gonna fall",1,2026-02-24T23:13:35Z
001f636c6fd1f1d7b86d96adaa7838d3,Just In Case,Jaheim,2001,20,52,https://genius.com/Jaheim-just-in-case-lyrics,coder_a,0,love song,0.9,2026-02-21T12:22:41Z
001f636c6fd1f1d7b86d96adaa7838d3,Just In Case,Jaheim,2001,20,52,https://genius.com/Jaheim-just-in-case-lyrics,coder_b,0,Song about a relationship,0.5,2026-02-24T08:08:01Z
003684d277f1faf0ff619b907309ef11,Sick Boy,The Chainsmokers,2018,3,65,https://genius.com/The-chainsmokers-sick-boy-lyrics,coder_a,1,"I'm from the east side of America
Where we choose pride over character
And we can pick sides, but this is us, this is us, this is
I live on the west side of America
Where they spin lies into fairy dust
And we can pick sides, but this is us, this is us, this is",1,2026-02-21T13:36:34Z
003684d277f1faf0ff619b907309ef11,Sick Boy,The Chainsmokers,2018,3,65,https://genius.com/The-chainsmokers-sick-boy-lyrics,coder_b,1,"I'm from the east side of America
Where we choose pride over character
And we can pick sides, but this is us, this is us, this is
I live on the west side of America
Feed yourself with my life's work
How many likes is my life worth?",0.9,2026-02-24T13:56:37Z
010b9726cf90d3aa3a50bc72f5f430d7,Keep On Doin' What You're Doin',Bobby Byrd,1972,3,88,https://genius.com/Bobby-byrd-keep-on-doing-what-youre-doin-lyrics,coder_a,0,love song,0.8,2026-02-26T17:44:54Z
010b9726cf90d3aa3a50bc72f5f430d7,Keep On Doin' What You're Doin',Bobby Byrd,1972,3,88,https://genius.com/Bobby-byrd-keep-on-doing-what-youre-doin-lyrics,coder_b,0,Song about sex,1,2026-02-25T10:52:20Z
013167421bde838aae01d4782647ac3d,Don't Drop That Thun Thun!,The FiNATTiCZ,2013,10,35,https://genius.com/Finatticz-dont-drop-that-thun-thun-remix-lyrics,coder_b,0,Song about sex and partying,1,2026-02-25T10:25:22Z
013167421bde838aae01d4782647ac3d,Don't Drop That Thun Thun!,The FiNATTiCZ,2013,10,35,https://genius.com/Finatticz-dont-drop-that-thun-thun-remix-lyrics,coder_a,0,About sex and partying,0.5,2026-02-24T20:50:22Z
02c6b204a35db83d9cb40b4ee9afa60e,Paying The Price Of Love,Bee Gees,1993,9,74,https://genius.com/Bee-gees-paying-the-price-of-love-lyrics,coder_a,0,love song,1,2026-02-26T19:16:18Z
02c6b204a35db83d9cb40b4ee9afa60e,Paying The Price Of Love,Bee Gees,1993,9,74,https://genius.com/Bee-gees-paying-the-price-of-love-lyrics,coder_b,0,Song about love,1,2026-02-25T11:14:09Z
02e7ebc56ca28ae2bffa181fde4ac116,Ohio,Crosby| Stills| Nash & Young,1970,9,14,https://genius.com/Crosby-stills-nash-and-young-ohio-lyrics,coder_b,1,"Tin soldiers and Nixon's comin'
We're finally on our own
This summer I hear the drummin'
Four dead in Ohio",1,2026-02-25T08:57:52Z
02e7ebc56ca28ae2bffa181fde4ac116,Ohio,Crosby| Stills| Nash & Young,1970,9,14,https://genius.com/Crosby-stills-nash-and-young-ohio-lyrics,coder_a,1,About shootings at a university. Homeland security opened fire on students protesting the Vietnam war,1,2026-02-23T18:09:14Z
038115786ee920d1003c1305ea343531,Can You Feel It,The Jacksons,1981,5,77,https://genius.com/The-jacksons-can-you-feel-it-lyrics,coder_a,1,"All the colors of the world should be
Lovin' each other wholeheartedly
Yes, it's all right
Take my message to your brother and tell him twice
Spread the word and try to teach the man
Who's hating his brother when hate won't do
'Cause we're all the same
Yes, the blood inside of me is inside of you
Now, tell me",1,2026-02-21T13:16:44Z
038115786ee920d1003c1305ea343531,Can You Feel It,The Jacksons,1981,5,77,https://genius.com/The-jacksons-can-you-feel-it-lyrics,coder_b,1,"If you look around
The whole world's coming together now 
All the colors of the world should be
Lovin' each other wholeheartedly
Yes, it's all right
Take my message to your brother and tell him twice
Spread the word and try to teach the man
Who's hating his brother when hate won't do
'Cause we're all the same
Yes, the blood inside of me is inside of you",1,2026-02-24T13:40:30Z
038923b5de9535228ef320cf5549fc4d,Amen,Beyonce,2024,1,87,https://genius.com/Beyonce-amen-lyrics,coder_b,0,A song about wanting mercy,0.7,2026-02-25T12:17:41Z
038923b5de9535228ef320cf5549fc4d,Amen,Beyonce,2024,1,87,https://genius.com/Beyonce-amen-lyrics,coder_a,1,"Say a prayer for what has been
We'll be the ones to purify our Fathers' sins
American Requiem
Them old ideas (Yeah) are buried here (Yeah)
Amen (Amen)",1,2026-03-02T18:22:34Z
03c83bb046d8fb5121e92c597905a7cf,I'm Still A Struggling Man,Edwin Starr,1969,4,80,https://genius.com/Edwin-starr-im-still-a-struggling-man-lyrics,coder_a,1,"ou better stop fooling if you want to get along with me
We grew up on the block and we know about poverty
So, tell all your high-falutin' friends we just can't compete
It's only been a little while and I just got on my feet

[Chorus]
And I'm still a struggling man
Doing the best that I can
I can only take it, girl, I can only make it, girl
Long as you, you understand that baby",1,2026-02-23T19:06:28Z
03c83bb046d8fb5121e92c597905a7cf,I'm Still A Struggling Man,Edwin Starr,1969,4,80,https://genius.com/Edwin-starr-im-still-a-struggling-man-lyrics,coder_b,1,"You better stop fooling if you want to get along with me
We grew up on the block and we know about poverty
Those good times just won't come unless we struggle and fight
As long as you love me, girl, I know everything's alright",0.9,2026-02-25T09:21:48Z
0432a06757dac86583d15123c6f38587,A Change Is Gonna Come,Sam Cooke,1965,7,31,https://genius.com/Sam-cooke-a-change-is-gonna-come-lyrics,coder_a,1,about civil rights,1,2026-02-23T18:48:22Z
0432a06757dac86583d15123c6f38587,A Change Is Gonna Come,Sam Cooke,1965,7,31,https://genius.com/Sam-cooke-a-change-is-gonna-come-lyrics,coder_b,0,Song about a change coming - but no explicit mention,0.6,2026-02-25T09:12:40Z
0518d3cf6c03efd807dddf6784f9e754,It Started All Over Again,Brenda Lee,1962,8,29,https://genius.com/Brenda-lee-it-started-all-over-again-lyrics,coder_b,1,A song about love,1,2026-02-25T12:01:32Z
0518d3cf6c03efd807dddf6784f9e754,It Started All Over Again,Brenda Lee,1962,8,29,https://genius.com/Brenda-lee-it-started-all-over-again-lyrics,coder_a,0,love song,1,2026-03-02T17:49:46Z
05c4885a6f78d7c87b100da0e64124ce,Killing Me Softly With His Song,Roberta Flack,1973,16,1,https://genius.com/Roberta-flack-killing-me-softly-with-his-song-lyrics,coder_b,0,Song about love,1,2026-02-25T10:11:41Z
05c4885a6f78d7c87b100da0e64124ce,Killing Me Softly With His Song,Roberta Flack,1973,16,1,https://genius.com/Roberta-flack-killing-me-softly-with-his-song-lyrics,coder_a,0,love song,1,2026-02-24T20:33:52Z
05ec3f515220abad216892eba96d64c1,When The Children Cry,White Lion,1989,23,3,https://genius.com/White-lion-when-the-children-cry-lyrics,coder_a,1,"Little child, dry your crying eyes
How can I explain the fear you feel inside?
‘Cause you were born into this evil world
Where man is killing man and no one knows just why
What have we become? Just look what we have done
All that we destroyed., you must build again

[Chorus]
When the children cry,, let them know we tried
‘Cause when the children sing,, then the new world begins",1,2026-02-22T17:07:34Z
05ec3f515220abad216892eba96d64c1,When The Children Cry,White Lion,1989,23,3,https://genius.com/White-lion-when-the-children-cry-lyrics,coder_b,1,"What have we become? just look what we have done
All that we destroyed, you must build again
No more presidents and all the wars will end
One united world under God",1,2026-02-25T08:53:42Z
0611090d35ebca9ee8ebce181f2aea7a,Way Down,Elvis Presley,1977,21,18,https://genius.com/Elvis-presley-way-down-lyrics,coder_b,0,A song about love,1,2026-02-25T11:50:20Z
0611090d35ebca9ee8ebce181f2aea7a,Way Down,Elvis Presley,1977,21,18,https://genius.com/Elvis-presley-way-down-lyrics,coder_a,0,love song,1,2026-03-02T17:41:16Z
06172f2d6ad4663a9eeebc5fc318390d,Energy,Natalie Featuring Baby Bash,2005,8,66,https://genius.com/Natalie-alvarado-energy-lyrics,coder_a,0,love song,1,2026-02-21T13:09:38Z
06172f2d6ad4663a9eeebc5fc318390d,Energy,Natalie Featuring Baby Bash,2005,8,66,https://genius.com/Natalie-alvarado-energy-lyrics,coder_b,0,Song about love,1,2026-02-24T09:50:10Z
06ebd40a48b573924378daefe47a4d08,Since I Fell For You,Laura Lee,1972,5,76,https://genius.com/Laura-lee-since-i-fell-for-you-lyrics,coder_a,0,love song,1,2026-02-21T13:39:49Z
06ebd40a48b573924378daefe47a4d08,Since I Fell For You,Laura Lee,1972,5,76,https://genius.com/Laura-lee-since-i-fell-for-you-lyrics,coder_b,0,Song about love,1,2026-02-24T20:30:11Z
0746ac0a0ab5effb8a8fabdf2370d337,Promise,Romeo Santos Featuring Usher,2011,9,83,https://genius.com/Romeo-santos-promise-english-version-lyrics,coder_a,0,Love song,1,2026-02-22T14:56:38Z
0746ac0a0ab5effb8a8fabdf2370d337,Promise,Romeo Santos Featuring Usher,2011,9,83,https://genius.com/Romeo-santos-promise-english-version-lyrics,coder_b,0,Song about love,0.9,2026-02-24T23:51:14Z
0753c93a2d5473129f3d2fdc4119249d,I Wanna Dance Wit' Choo (Doo Dat Dance); Part I,Disco Tex & The Sex-O-Lettes,1975,11,23,https://genius.com/Disco-tex-and-the-sex-o-lettes-i-wanna-dance-wit-choo-doo-dat-dance-lyrics,coder_a,0,about dancing,1,2026-02-23T18:45:06Z
0753c93a2d5473129f3d2fdc4119249d,I Wanna Dance Wit' Choo (Doo Dat Dance); Part I,Disco Tex & The Sex-O-Lettes,1975,11,23,https://genius.com/Disco-tex-and-the-sex-o-lettes-i-wanna-dance-wit-choo-doo-dat-dance-lyrics,coder_b,0,Song about dancing,1,2026-02-25T09:11:06Z
0814a7bfc1cd246095de910313e14137,I.g.y. (what A Beautiful World),Donald Fagen,1982,14,26,https://genius.com/Donald-fagen-igy-lyrics,coder_a,1,"Standing tough under stars and stripes
We can tell
This dream's in sight
You've got to admit it
At this point in time that it's clear
The future looks bright

[Pre-Chorus]
On that train all graphite and glitter
Undersea by rail
Ninety minutes from New York to Paris
Well by '76 we'll be A-OK",0.9,2026-02-21T14:26:00Z
0814a7bfc1cd246095de910313e14137,I.g.y. (what A Beautiful World),Donald Fagen,1982,14,26,https://genius.com/Donald-fagen-igy-lyrics,coder_b,1,"Standing tough under stars and stripes
We can tell
This dream's in sight
You've got to admit it
At this point in time that it's clear
The future looks bright",0.7,2026-02-24T22:57:52Z
082b0e231a0e2d731383a6d9aa643e02,Chug-A-Lug,Roger Miller,1964,13,9,https://genius.com/Roger-miller-chug-a-lug-lyrics,coder_b,0,Drinking song,1,2026-02-17T22:20:03Z
082b0e231a0e2d731383a6d9aa643e02,Chug-A-Lug,Roger Miller,1964,13,9,https://genius.com/Roger-miller-chug-a-lug-lyrics,coder_a,0,About drinking and getting drunk,1,2026-02-15T17:46:58Z
09f0ef1bb88ff5808774ba92b9720640,No Type,Rae Sremmurd,2014,26,16,https://genius.com/Rae-sremmurd-no-type-lyrics,coder_a,0,love song,1,2026-02-26T19:35:04Z
09f0ef1bb88ff5808774ba92b9720640,No Type,Rae Sremmurd,2014,26,16,https://genius.com/Rae-sremmurd-no-type-lyrics,coder_b,0,A song about making your own money,1,2026-02-25T11:17:21Z
09f68eb70b47fa19c12ca58a8c686a71,That Was Then But This Is Now,ABC,1984,3,89,https://genius.com/Abc-that-was-then-but-this-is-now-lyrics,coder_b,1,"More sacrifices than an Aztec priest
Standing here straining at that leash
All fall down

Can't complain, mustn't grumble
Help yourself to another piece of apple crumble
And consequently

Hearts of oak are charred and blistered
Russians should be baby-sitted
Americans resisted",1,2026-02-25T00:55:33Z
09f68eb70b47fa19c12ca58a8c686a71,That Was Then But This Is Now,ABC,1984,3,89,https://genius.com/Abc-that-was-then-but-this-is-now-lyrics,coder_a,1,"More sacrifices than an Aztec priest
Standing here straining at that leash
All fall down

Can't complain, mustn't grumble
Help yourself to another piece of apple crumble
And consequently

Hearts of oak are charred and blistered
Russians should be baby-sitted
Americans resisted",1,2026-02-22T16:24:42Z
0a0b63cb3b6ae2d777afd1f97830724e,Takin' It To The Streets,Taylor Hicks,2006,4,69,https://genius.com/Taylor-hicks-takin-it-to-the-streets-lyrics,coder_b,1,"Take this message to my brother
You will find him everywhere
Wherever people live together
Tied in poverty's despair",1,2026-02-24T23:29:37Z
0a0b63cb3b6ae2d777afd1f97830724e,Takin' It To The Streets,Taylor Hicks,2006,4,69,https://genius.com/Taylor-hicks-takin-it-to-the-streets-lyrics,coder_a,1,About poverty,1,2026-02-22T14:26:26Z
0a4f96719dcbdb259012151e7f1dc738,Break 'Em Off,Paul Wall Featuring Lil' KeKe,2007,1,72,https://genius.com/Paul-wall-break-em-off-lyrics,coder_a,0,About being a player,1,2026-02-22T16:48:58Z
0a4f96719dcbdb259012151e7f1dc738,Break 'Em Off,Paul Wall Featuring Lil' KeKe,2007,1,72,https://genius.com/Paul-wall-break-em-off-lyrics,coder_b,0,Song about dating and being a player.,1,2026-02-25T08:43:37Z
0aa93acc9d3df6cb375996548a18c247,This Is Halloween,The Citizens of Halloween,2024,2,38,https://genius.com/The-citizens-of-halloween-this-is-halloween-lyrics,coder_b,0,Song about halloween,1,2026-02-25T08:54:02Z
0aa93acc9d3df6cb375996548a18c247,This Is Halloween,The Citizens of Halloween,2024,2,38,https://genius.com/The-citizens-of-halloween-this-is-halloween-lyrics,coder_a,0,song from a childrens movie the nightmare before christmas,1,2026-02-22T17:08:16Z
0abf59d2fbdfff9d4a85524141ae69a3,Roxanne; Roxanne,UTFO,1985,5,77,https://genius.com/Utfo-roxanne-roxanne-lyrics,coder_b,0,Song is about trying to pick up a girl but they mention mandatory conscription,0.6,2026-02-25T11:08:40Z
0abf59d2fbdfff9d4a85524141ae69a3,Roxanne; Roxanne,UTFO,1985,5,77,https://genius.com/Utfo-roxanne-roxanne-lyrics,coder_a,0,Song about a pretty girl called Roxanne,1,2026-02-26T18:44:04Z
0b31812dc9453ff5026e09084a5e510a,Let Me In,The Osmonds,1973,10,36,https://genius.com/The-osmonds-let-me-in-lyrics,coder_a,0,Love song.,1,2026-02-15T16:32:39Z
0b31812dc9453ff5026e09084a5e510a,Let Me In,The Osmonds,1973,10,36,https://genius.com/The-osmonds-let-me-in-lyrics,coder_b,0,Song is about love and relationships,1,2026-02-14T22:58:37Z
0b67fd43b5ccfc5041b649e5b0f3abc0,The Breath You Take,George Strait,2010,20,63,https://genius.com/George-strait-the-breath-you-take-lyrics,coder_a,0,About life and the singers dad,0.7,2026-02-22T15:40:40Z
0b67fd43b5ccfc5041b649e5b0f3abc0,The Breath You Take,George Strait,2010,20,63,https://genius.com/George-strait-the-breath-you-take-lyrics,coder_b,0,Song about being a parent and living life.,1,2026-02-25T00:21:24Z
0c163c3a818cc13b8f2fa99794418e63,Circle,Edie Brickell & New Bohemians,1989,10,48,https://genius.com/Edie-brickell-and-new-bohemians-circle-lyrics,coder_b,0,Song about loneliness and trying your best,1,2026-02-25T11:09:08Z
0c163c3a818cc13b8f2fa99794418e63,Circle,Edie Brickell & New Bohemians,1989,10,48,https://genius.com/Edie-brickell-and-new-bohemians-circle-lyrics,coder_a,0,love song,0.8,2026-02-26T18:46:20Z
0d54e24fb0fc67f0c1a99ebf594ae46c,Sail,AWOLNATION,2013,79,17,https://genius.com/Awolnation-sail-lyrics,coder_a,0,Love song,0.8,2026-02-15T17:28:00Z
0d54e24fb0fc67f0c1a99ebf594ae46c,Sail,AWOLNATION,2013,79,17,https://genius.com/Awolnation-sail-lyrics,coder_b,0,Song is about singers mind and love,1,2026-02-16T23:33:23Z
0d9746991bc8c7bf3d8d048d36defd55,Too Young To Fall In Love,Motley Crue,1984,2,90,https://genius.com/Motley-crue-too-young-to-fall-in-love-lyrics,coder_a,0,Love song.,0.9,2026-02-15T17:23:01Z
0d9746991bc8c7bf3d8d048d36defd55,Too Young To Fall In Love,Motley Crue,1984,2,90,https://genius.com/Motley-crue-too-young-to-fall-in-love-lyrics,coder_b,0,Song is about failing in love,1,2026-02-16T22:45:04Z
0dbc46c44152df9be7369e9bf78d8534,Everything 1K,Kodak Black,2017,1,84,https://genius.com/Kodak-black-everything-1k-lyrics,coder_b,1,"This for all the soldiers fell victim to the system
Everyday that goes by they so close to losing faith",0.9,2026-02-24T23:48:25Z
0dbc46c44152df9be7369e9bf78d8534,Everything 1K,Kodak Black,2017,1,84,https://genius.com/Kodak-black-everything-1k-lyrics,coder_a,1,"It’s a struggle man, I’m with you all the way
This for all the soldiers fell victim to the system
Everyday that goes by they so close to losing faith
I gotta thank God for everything
It’s a miracle how you’ll wake up and your dreams right in your face",0.6,2026-02-22T14:49:58Z
0dc4de15ad4b613ef9eca15d9970ab4f,The Theme (It's Party Time),Tracey Lee,1997,18,55,https://genius.com/Tracey-lee-the-theme-its-party-time-lyrics,coder_a,0,about a party,1,2026-02-24T20:24:51Z
0dc4de15ad4b613ef9eca15d9970ab4f,The Theme (It's Party Time),Tracey Lee,1997,18,55,https://genius.com/Tracey-lee-the-theme-its-party-time-lyrics,coder_b,0,Song about partying,1,2026-02-25T09:29:38Z
0dcf2cfaec9f0dfe9c5232f4f31dcf2f,Ain't It The Truth,Mary Wells,1964,8,45,https://genius.com/Mary-wells-aint-it-the-truth-lyrics,coder_b,0,Song about a relationship,1,2026-02-24T22:51:56Z
0dcf2cfaec9f0dfe9c5232f4f31dcf2f,Ain't It The Truth,Mary Wells,1964,8,45,https://genius.com/Mary-wells-aint-it-the-truth-lyrics,coder_a,0,love song,1,2026-02-21T14:13:34Z
0e959cd17168180e30e5aca41cda6201,Girl Like Me,Jazmine Sullivan Featuring H.E.R.,2021,1,97,https://genius.com/Jazmine-sullivan-girl-like-me-lyrics,coder_b,0,Song about a relationship and dating,1,2026-02-25T08:53:15Z
0e959cd17168180e30e5aca41cda6201,Girl Like Me,Jazmine Sullivan Featuring H.E.R.,2021,1,97,https://genius.com/Jazmine-sullivan-girl-like-me-lyrics,coder_a,0,love song,1,2026-02-22T17:06:55Z
0f9202a6ae0c6d7c4c7aa27b4267fb17,Underneath The Radar,Underworld,1988,8,74,https://genius.com/Underworld-underneath-the-radar-lyrics,coder_b,0,Song about dancing under the radar?,0.6,2026-02-25T10:49:31Z
0f9202a6ae0c6d7c4c7aa27b4267fb17,Underneath The Radar,Underworld,1988,8,74,https://genius.com/Underworld-underneath-the-radar-lyrics,coder_a,1,"We dance underneath the radar
We live underneath the bomb
When you live underneath the radar
There's no way that you're ever gonna get far
We kiss underneath the searchlights
And we live underneath the bomb
When you live underneath the radar
There's no way that you're ever gonna get far",0.8,2026-02-24T21:04:56Z
0fdd072a4190d7c29e78627ca957a227,Devils & Dust,Bruce Springsteen,2005,1,72,https://genius.com/Bruce-springsteen-devils-and-dust-lyrics,coder_b,1,"Religion acts as a political justification often: Now, every woman and every man
They want to take a righteous stand
Find the love that God wills
And the faith that He commands

[Verse 6]
I've got my finger on the trigger
And tonight, faith just ain't enough
When I look inside my heart
There's just devils and dust",0.8,2026-02-24T08:34:38Z
0fdd072a4190d7c29e78627ca957a227,Devils & Dust,Bruce Springsteen,2005,1,72,https://genius.com/Bruce-springsteen-devils-and-dust-lyrics,coder_a,1,"I got my finger on the trigger
But I don't know who to trust
When I look into your eyes
There's just devils and dust

[Verse 2]
We're a long, long way from home, Bobbie
Home's a long, long way from us
I feel a dirty wind blowing
Devils and dust",1,2026-02-21T12:31:44Z
0ff2e064ddf22d7fd25c3aeb8db1af01,Love Nwantiti (Ah Ah Ah),CKay,2022,29,26,https://genius.com/Ckay-love-nwantiti-ah-ah-ah-lyrics,coder_b,0,Song about love,1,2026-02-25T09:06:40Z
0ff2e064ddf22d7fd25c3aeb8db1af01,Love Nwantiti (Ah Ah Ah),CKay,2022,29,26,https://genius.com/Ckay-love-nwantiti-ah-ah-ah-lyrics,coder_a,0,Pretty sure its just a love song but there some parts that won't translate well,0.5,2026-02-23T18:33:57Z
112512e45a9fc3e37b04102c40ccad42,Downtime,Jo Dee Messina,2001,15,46,https://genius.com/Jo-dee-messina-downtime-lyrics,coder_a,0,about heartache,1,2026-02-24T20:35:51Z
112512e45a9fc3e37b04102c40ccad42,Downtime,Jo Dee Messina,2001,15,46,https://genius.com/Jo-dee-messina-downtime-lyrics,coder_b,0,Song is about a breakup.,1,2026-02-25T10:13:06Z
1231008e36efdea06b0464edfcb2e7f6,Imagine,Glee Cast,2009,1,67,https://genius.com/Glee-cast-imagine-lyrics,coder_a,1,"Imagine there's no countries
It isn't hard to do
Nothin' to kill or die for
And no religion too
Imagine all the people
Livin' life in peace",1,2026-02-23T18:38:51Z
1231008e36efdea06b0464edfcb2e7f6,Imagine,Glee Cast,2009,1,67,https://genius.com/Glee-cast-imagine-lyrics,coder_b,1,"Imagine there's no countries
It isn't hard to do
Nothin' to kill or die for
And no religion too
Imagine all the people
Livin' life in peace
Yoo-hoo-ooh",1,2026-02-25T09:08:07Z
123e92f94b54e279acfb028632530d17,Living For The City,Ray Charles,1975,3,91,https://genius.com/Ray-charles-living-for-the-city-lyrics,coder_a,1,About growing up in poverty and discusses racial issues,1,2026-02-22T14:29:25Z
123e92f94b54e279acfb028632530d17,Living For The City,Ray Charles,1975,3,91,https://genius.com/Ray-charles-living-for-the-city-lyrics,coder_b,1,"His sister's black but she is sure enough pretty
Cause where he lives, they don't use colored people
Lord, what am I doing here?
With all this pain and sufferin' and misery
With all the rape and the drugs and the murder in the streets
And the rats and the roaches crawling all over everything
And I can't find a job nowhere
My electricity has been turned off
My gas don't burn no more
And the water has stopped flowing
And my poor family is cold and hungry
Oh Lord, why has thou forsaken me?",1,2026-02-24T23:31:24Z
12ef37e2b149d8419596d627e0118ad7,She Got The Goldmine (i Got The Shaft),Jerry Reed,1982,9,57,https://genius.com/Jerry-reed-she-got-the-goldmine-i-got-the-shaft-lyrics,coder_a,1,"Now listen, you ain't heard nothin' yet
Why, they give her the color television set
Then they give her the house
The kids and both of the cars
See?
Well, then they start talkin' about child support
Alimony, and the costs to the court
Didn't take me long to figure out how far in the toilet I was
I'm tellin' ya, they have made a mistake
'Cause it adds up to more than this cowboy makes
Besides, everything I ever had worth takin' they've already took
While she's livin' like a queen on alimony
I'm workin' two shifts, eatin' baloney
Askin' myself, ""Why didn't you just learn how to cook?""",1,2026-03-02T18:17:22Z
12ef37e2b149d8419596d627e0118ad7,She Got The Goldmine (i Got The Shaft),Jerry Reed,1982,9,57,https://genius.com/Jerry-reed-she-got-the-goldmine-i-got-the-shaft-lyrics,coder_b,0,"A song about a divorce and the splitting of assets but the reference to food stamps could be seen as political 
""But I don't have to worry about totin' a billfold anymore (Ooh)
Ha, ha, ha, ha, ha, ha
I let my wife tote it, I'm gonna be carryin' food stamps (Ooh)
You get it judge?
I'm gonna be indebted (Ooh)
That's not funny, huh?
Huh?
Contempt of court? (Ooh)""",0.7,2026-02-25T12:15:46Z
1365a6a6f2d5cb89cb743c59f3795d18,Livin' On The Edge,Aerosmith,1993,20,18,https://genius.com/Aerosmith-livin-on-the-edge-lyrics,coder_b,1,"There's something wrong with the world today
I don't know what it is
Something's wrong with our eyes
We're seeing things in a different way
And God knows it ain't His",1,2026-02-24T22:48:42Z
1365a6a6f2d5cb89cb743c59f3795d18,Livin' On The Edge,Aerosmith,1993,20,18,https://genius.com/Aerosmith-livin-on-the-edge-lyrics,coder_a,1,"There's something wrong with the world today
I don't know what it is
Something's wrong with our eyes
We're seeing things in a different way
And God knows it ain't His
It sure ain't no surprise, yeah",1,2026-02-21T14:04:04Z
147d01585eb12e7757143b0cf121e0df,Victoria,The Kinks,1970,9,62,https://genius.com/The-kinks-victoria-lyrics,coder_b,1,"Though I'm poor, I am free
When I grow, I shall fight
For this land, I shall die
Let her sun never set
Canada to India
Australia to Cornwall
Singapore to Hong Kong
From the West to the East
From the rich to the poor
Victoria loved them all",0.8,2026-02-24T22:59:48Z
147d01585eb12e7757143b0cf121e0df,Victoria,The Kinks,1970,9,62,https://genius.com/The-kinks-victoria-lyrics,coder_a,1,"Long ago, life was clean
Sex was bad, called obscene
And the rich were so mean
Stately homes for the Lords
Croquet lawns, village greens
Victoria was my queen

[Chorus]
Victoria, Victoria
Victoria, 'toria

[Verse 2]
I was born, lucky me
In a land that I love
Though I'm poor, I am free
When I grow, I shall fight
For this land, I shall die
Let her sun never set",1,2026-02-21T14:28:46Z
14a028f38f3a5c5829a4acdf3e3a33f0,Someone To Hold,Trey Lorenz,1992,20,19,https://genius.com/Trey-lorenz-someone-to-hold-lyrics,coder_b,0,Song is about love,1,2026-02-16T22:41:55Z
14a028f38f3a5c5829a4acdf3e3a33f0,Someone To Hold,Trey Lorenz,1992,20,19,https://genius.com/Trey-lorenz-someone-to-hold-lyrics,coder_a,0,Love song,1,2026-02-15T17:20:39Z
1517f08c8790ca506a6e3b78e45d803d,Violent Crimes,Kanye West,2018,2,27,https://genius.com/Kanye-west-violent-crimes-lyrics,coder_b,0,Song about fatherhood,0.7,2026-02-24T23:58:37Z
1517f08c8790ca506a6e3b78e45d803d,Violent Crimes,Kanye West,2018,2,27,https://genius.com/Kanye-west-violent-crimes-lyrics,coder_a,1,"Themes surrounding feminism: Niggas is savage, niggas is monsters
Niggas is pimps, niggas is players
'Til niggas have daughters, now they precautious
Father, forgive me, I'm scared of the karma
'Cause now I see women as somethin' to nurture
Not somethin' to conquer",0.7,2026-02-22T15:05:25Z
152e51de905bb3735682358136f47278,Every Teardrop Is A Waterfall,Coldplay,2011,18,14,https://genius.com/Coldplay-every-teardrop-is-a-waterfall-lyrics,coder_a,1,"I turn the music up, I got my records on
From underneath the rubble, sing a rebel song
Don't want to see another generation drop
I'd rather be a comma than a full stop
Maybe I'm in the black, maybe I'm on my knees
Maybe I'm in the gap between the two trapezes
But my heart is beating and my pulses start
Cathedrals in my heart",1,2026-02-22T16:30:40Z
152e51de905bb3735682358136f47278,Every Teardrop Is A Waterfall,Coldplay,2011,18,14,https://genius.com/Coldplay-every-teardrop-is-a-waterfall-lyrics,coder_b,1,"I turn the music up, I got my records on
From underneath the rubble, sing a rebel song
Don't want to see another generation drop
I'd rather be a comma than a full stop",0.8,2026-02-25T08:31:15Z
1565c895269f031903d479b141d390ad,Free Bird,Lynyrd Skynyrd,1975,20,19,https://genius.com/Lynyrd-skynyrd-free-bird-lyrics,coder_a,0,About leaving a lover,1,2026-02-24T21:04:17Z
1565c895269f031903d479b141d390ad,Free Bird,Lynyrd Skynyrd,1975,20,19,https://genius.com/Lynyrd-skynyrd-free-bird-lyrics,coder_b,0,Song about being free,1,2026-02-25T10:34:16Z
1577d5f3b288c48db4fbd3b799d84e92,Memphis Train,Buddy Miles Express,1969,1,100,https://genius.com/Buddy-miles-express-train-lyrics,coder_a,0,song about a train,1,2026-02-21T13:51:12Z
1577d5f3b288c48db4fbd3b799d84e92,Memphis Train,Buddy Miles Express,1969,1,100,https://genius.com/Buddy-miles-express-train-lyrics,coder_b,0,Song about a train,0.9,2026-02-24T22:41:54Z
1615816f98191ab3467d6981531a7d66,Message In Our Music,The O'Jays,1976,9,49,https://genius.com/The-ojays-message-in-our-music-lyrics,coder_a,1,"'Cause we're gonna talk about the situation
Of my nations over the world
(Nation, nation)
Try and make you see
Things ain't like they're supposed to be
(Supposed to be)

We got, we got it, we got it, a message in our music
We got a message in our music
There's a message in our song
So open your ears and listen here",0.8,2026-02-16T18:25:43Z
1615816f98191ab3467d6981531a7d66,Message In Our Music,The O'Jays,1976,9,49,https://genius.com/The-ojays-message-in-our-music-lyrics,coder_b,1,"Cause we're gonna talk about the situation
Of my nations over the world
(Nation, nation)
Try and make you see
Things ain't like they're supposed to be
We got a message in our music
There's a message in our song
So open your ears and listen here",1,2026-02-18T23:02:59Z
1639083d9070528fd4aea599b8c95e52,Shake It Up,Bad Company,1989,8,82,https://genius.com/Bad-company-shake-it-up-lyrics,coder_a,0,love song,1,2026-02-22T16:47:44Z
1639083d9070528fd4aea599b8c95e52,Shake It Up,Bad Company,1989,8,82,https://genius.com/Bad-company-shake-it-up-lyrics,coder_b,0,Song about love,1,2026-02-25T08:42:17Z
16480b6cad4e666f4c09921f052d02e6,Make Me Better,Fabolous Featuring Ne-Yo,2007,21,8,https://genius.com/Fabolous-make-me-better-lyrics,coder_a,0,Talks about movements but its in the context of a relationship,0.4,2026-02-22T16:28:10Z
16480b6cad4e666f4c09921f052d02e6,Make Me Better,Fabolous Featuring Ne-Yo,2007,21,8,https://genius.com/Fabolous-make-me-better-lyrics,coder_b,0,"Song about love, relationships and becoming a better individual.",1,2026-02-25T00:56:59Z
16585a45c2e10e76863bd7361a0101c5,Where The Stars And Stripes And The Eagle Fly,Aaron Tippin,2001,20,20,https://genius.com/Aaron-tippin-where-the-stars-and-stripes-and-the-eagle-fly-lyrics,coder_b,1,Song is about America and nationalism,1,2026-02-16T22:23:04Z
16585a45c2e10e76863bd7361a0101c5,Where The Stars And Stripes And The Eagle Fly,Aaron Tippin,2001,20,20,https://genius.com/Aaron-tippin-where-the-stars-and-stripes-and-the-eagle-fly-lyrics,coder_a,1,About American patriotism.,1,2026-02-15T17:00:20Z
170186c5e020e28830d2e8b013eb2c1a,Sixteen Tons,Tom Jones,1967,4,68,https://genius.com/Tom-jones-sixteen-tons-lyrics,coder_a,1,"about poverty, capitalism and the working class",1,2026-02-21T14:44:29Z
170186c5e020e28830d2e8b013eb2c1a,Sixteen Tons,Tom Jones,1967,4,68,https://genius.com/Tom-jones-sixteen-tons-lyrics,coder_b,1,"Analogy for capitalism? You load sixteen tons, what do you get?
Another day older and deeper in debt
Saint Peter, don't you call me cause I can't go
I owe my soul to the company store",0.6,2026-02-24T23:13:09Z
170388e7a8f291124733c501901fbd8f,Teardrops On My Guitar,Taylor Swift,2008,48,13,https://genius.com/Taylor-swift-teardrops-on-my-guitar-radio-single-version-lyrics,coder_b,0,Song is about heartbreak - not political,1,2026-02-17T22:00:16Z
170388e7a8f291124733c501901fbd8f,Teardrops On My Guitar,Taylor Swift,2008,48,13,https://genius.com/Taylor-swift-teardrops-on-my-guitar-radio-single-version-lyrics,coder_a,0,About jealousy and heartbreak,1,2026-02-15T17:42:42Z
172f9610c5a6dac31aa47117fb8a9151,Remember Me,Rita Pavone,1964,9,26,https://genius.com/Rita-pavone-remember-me-lyrics,coder_b,0,Song about remembering a love,1,2026-02-24T08:36:15Z
172f9610c5a6dac31aa47117fb8a9151,Remember Me,Rita Pavone,1964,9,26,https://genius.com/Rita-pavone-remember-me-lyrics,coder_a,0,love song,1,2026-02-21T12:33:25Z
17570af7862e7044b2aa0a4a5e81c009,How Much Love,Leo Sayer,1977,15,17,https://genius.com/Leo-sayer-how-much-love-lyrics,coder_a,0,Love song.,1,2026-02-15T16:43:55Z
17570af7862e7044b2aa0a4a5e81c009,How Much Love,Leo Sayer,1977,15,17,https://genius.com/Leo-sayer-how-much-love-lyrics,coder_b,0,Song is about love and relationships,1,2026-02-14T23:17:21Z
18059d839c08cda3c2d758dea4668205,Best Shot,Jimmie Allen,2019,20,37,https://genius.com/Jimmie-allen-best-shot-lyrics,coder_a,0,love song,1,2026-02-23T18:31:09Z
18059d839c08cda3c2d758dea4668205,Best Shot,Jimmie Allen,2019,20,37,https://genius.com/Jimmie-allen-best-shot-lyrics,coder_b,0,Song about love,1,2026-02-25T09:05:29Z
181c6641e325ce698ea5802d07314eaf,Fast Life,Kool G Rap,1995,12,74,https://genius.com/Kool-g-rap-fast-life-lyrics,coder_b,0,Song is about living life fast in New York. Though the key theme is about selling and distributing drugs which could also be seen as political,0.5,2026-02-14T23:20:52Z
181c6641e325ce698ea5802d07314eaf,Fast Life,Kool G Rap,1995,12,74,https://genius.com/Kool-g-rap-fast-life-lyrics,coder_a,1,"Mostly talking about being wealthy and living the American dream, but this sentence critiques the police and systemic racism: ""The ghetto misery — shootouts and liquor stores
A perpendicular angle of the clout war
Police searchin' up my Lexo, but who's petro?""",0.8,2026-02-15T16:47:57Z
1842be0cfb2c5f3f776fbaa8c85382e1,Past Life,Ariana Grande,2025,1,53,https://genius.com/Ariana-grande-past-life-lyrics,coder_a,0,Love song,1,2026-02-21T12:05:51Z
1842be0cfb2c5f3f776fbaa8c85382e1,Past Life,Ariana Grande,2025,1,53,https://genius.com/Ariana-grande-past-life-lyrics,coder_b,0,Song about a breakup,1,2026-02-22T23:42:25Z
185cd87383038fd1dbfbb64ff5019619,Say It Loud - I'm Black And I'm Proud (Part 1),James Brown,1968,11,10,https://genius.com/James-brown-say-it-loud-im-black-and-im-proud-part-1-lyrics,coder_a,1,About civil rights,1,2026-02-15T17:48:23Z
185cd87383038fd1dbfbb64ff5019619,Say It Loud - I'm Black And I'm Proud (Part 1),James Brown,1968,11,10,https://genius.com/James-brown-say-it-loud-im-black-and-im-proud-part-1-lyrics,coder_b,1,"Say it louder (I'm Black and I'm proud)
Some people say we got a lot of malice
Some say it's a lotta nerve",1,2026-02-17T22:25:01Z
18c45ed6f3c785880c1e71919e498a01,Black Or White,Glee Cast,2012,1,64,https://genius.com/Glee-cast-black-or-white-lyrics,coder_a,1,"Protection for gangs, clubs, and nations
Causing grief in human relations
It's a turf war on a global scale
I'd rather hear both sides of the tale
See, it's not about races, just places, faces
Where your blood comes from is where your space is
I've seen the bright get duller
I'm not going to spend my life being a color",1,2026-02-16T18:11:05Z
18c45ed6f3c785880c1e71919e498a01,Black Or White,Glee Cast,2012,1,64,https://genius.com/Glee-cast-black-or-white-lyrics,coder_b,1,"Protection for gangs, clubs, and nations
Causing grief in human relations
It's a turf war on a global scale
I'd rather hear both sides of the tale
See, it's not about races, just places, faces",1,2026-02-17T23:09:21Z
1994e72c487baade282efac273adee7e,We Didn't Start The Fire,Fall Out Boy,2023,1,94,https://genius.com/Fall-out-boy-we-didnt-start-the-fire-lyrics,coder_a,1,About political events from the 90's through to now,1,2026-02-22T15:01:14Z
1994e72c487baade282efac273adee7e,We Didn't Start The Fire,Fall Out Boy,2023,1,94,https://genius.com/Fall-out-boy-we-didnt-start-the-fire-lyrics,coder_b,1,"We didn't start the fire
It was always burning since the world's been turning
We didn't start the fire
No, we didn't light it but we're trying to fight it

[Verse 2]
More war in Afghanistan
Cubs go all the way again",1,2026-02-24T23:53:29Z
19a41f174101ac0ea9205755832e72b5,Know Your Enemy,Green Day,2009,15,28,https://genius.com/Green-day-know-your-enemy-lyrics,coder_a,1,"(Do you know the enemy?)
Overthrow the effigy, the vast majority
(Well, gotta know the enemy)
Well, burnin' down the foreman of control (Oh-eh-oh-eh)
(Do you know the enemy?)
Silence is an enemy against your urgency",1,2026-02-15T17:32:48Z
19a41f174101ac0ea9205755832e72b5,Know Your Enemy,Green Day,2009,15,28,https://genius.com/Green-day-know-your-enemy-lyrics,coder_b,1,"Revolt against the honor to obey (Oh-eh-oh-eh)
Overthrow the effigy, the vast majority
Well, burnin' down the foreman of control (Oh-eh-oh-eh)
Silence is an enemy against your urgency
So rally up the demons of your soul (Oh-eh-oh-eh)",0.9,2026-02-16T23:39:25Z
19edbb735c0c742af46990ae759f9a2d,Rain On The Scarecrow,John Mellencamp,1986,12,21,https://genius.com/John-mellencamp-rain-on-the-scarecrow-lyrics,coder_a,1,"Rain on the scarecrow
Blood on the plow
This land fed a nation
This land made me proud
And son, I'm just sorry
There's no legacy for you now",1,2026-02-23T18:32:38Z
19edbb735c0c742af46990ae759f9a2d,Rain On The Scarecrow,John Mellencamp,1986,12,21,https://genius.com/John-mellencamp-rain-on-the-scarecrow-lyrics,coder_b,1,"This land fed a nation
This land made me proud
And son, I'm just sorry
There's no legacy for you now
[Verse 2]
The crops we grew last summer
Weren't enough to pay the loan
Couldn't buy the seed to plant this spring
And the Farmers' Bank foreclosed",1,2026-02-25T09:06:17Z
1b00dbc8502e9a8415eaab26aeffe9d3,Fight The Power Part 1,The Isley Brothers,1975,18,4,https://genius.com/The-isley-brothers-fight-the-power-pts-1-and-2-lyrics,coder_a,1,About fighting back against the powerful,1,2026-02-15T17:55:10Z
1b00dbc8502e9a8415eaab26aeffe9d3,Fight The Power Part 1,The Isley Brothers,1975,18,4,https://genius.com/The-isley-brothers-fight-the-power-pts-1-and-2-lyrics,coder_b,1,We got to fight the powers that be,1,2026-02-17T22:45:27Z
1b3d4c254b00f5e9eea5966ea7d92e6b,Smuggler's Blues,Glenn Frey,1985,19,12,https://genius.com/Glenn-frey-smugglers-blues-lyrics,coder_a,1,"It's propping up the governments in Columbia and Peru
You ask any DEA man, he'll say ""There's nothing we can do""
From the office of the President right down to me and you
Me and you",1,2026-02-26T19:38:24Z
1b3d4c254b00f5e9eea5966ea7d92e6b,Smuggler's Blues,Glenn Frey,1985,19,12,https://genius.com/Glenn-frey-smugglers-blues-lyrics,coder_b,1,Song about smuggling,1,2026-02-25T11:18:15Z
1bafe4ec8cb9d8c14dcc3685cdb27fa9,Almost Saturday Night,John Fogerty,1975,3,78,https://genius.com/John-fogerty-almost-saturday-night-lyrics,coder_b,0,Song about making it to Saturday,1,2026-02-24T23:30:04Z
1bafe4ec8cb9d8c14dcc3685cdb27fa9,Almost Saturday Night,John Fogerty,1975,3,78,https://genius.com/John-fogerty-almost-saturday-night-lyrics,coder_a,0,About partying on saturday,1,2026-02-22T14:27:43Z
1bb73df65c7a8109d0dc7b544d3c97ac,Together We Can Make Such Sweet Music,The Spinners,1973,5,91,https://genius.com/The-spinners-together-we-can-make-such-sweet-music-lyrics,coder_b,0,Song about a relationship,1,2026-02-25T08:51:51Z
1bb73df65c7a8109d0dc7b544d3c97ac,Together We Can Make Such Sweet Music,The Spinners,1973,5,91,https://genius.com/The-spinners-together-we-can-make-such-sweet-music-lyrics,coder_a,0,love song,1,2026-02-22T17:04:22Z
1bdfa399ef1aa928485a67a8f0e41267,One Tin Soldier (The Legend of Billy Jack),Coven,1973,6,79,https://genius.com/Coven-one-tin-soldier-the-legend-of-billy-jack-lyrics,coder_a,1,"About religion, violence, and greed.",0.9,2026-02-15T16:45:11Z
1bdfa399ef1aa928485a67a8f0e41267,One Tin Soldier (The Legend of Billy Jack),Coven,1973,6,79,https://genius.com/Coven-one-tin-soldier-the-legend-of-billy-jack-lyrics,coder_b,0,"This song is about a story of mountains and riches. Whilst conflict occurred, seems to not be linked to politics.",0.4,2026-02-14T23:19:20Z
1bf34f71e885e7bbf365eb25c48ce953,Na Na Na (Na Na Na Na Na Na Na Na Na),My Chemical Romance,2010,1,77,https://genius.com/My-chemical-romance-na-na-na-na-na-na-na-na-na-na-na-na-lyrics,coder_a,1,"About anarchy and criticising authority: You run the company
(Na, na-na-na, na-na-na) Fuck like a Kennedy
(Na, na-na-na, na-na-na) I think we'd rather be
Burning your information
(Na, na-na-na, na-na-na) Let's blow an artery
(Na, na-na-na, na-na-na) Eat plastic surgery
(Na, na-na-na, na-na-na) Keep your apology
Give us more detonation",1,2026-02-15T17:30:23Z
1bf34f71e885e7bbf365eb25c48ce953,Na Na Na (Na Na Na Na Na Na Na Na Na),My Chemical Romance,2010,1,77,https://genius.com/My-chemical-romance-na-na-na-na-na-na-na-na-na-na-na-na-lyrics,coder_b,1,"(Na, na-na-na, na-na-na) You run the company
(Na, na-na-na, na-na-na) Fuck like a Kennedy
(Na, na-na-na, na-na-na) I think we'd rather be
Burning your information",0.8,2026-02-16T23:36:28Z
1c6ef2adf3bf4ae2fc04312de22408f2,Big Big World,Johnny Burnette,1961,7,58,https://genius.com/Johnny-burnette-big-big-world-lyrics,coder_a,0,about finding love,1,2026-02-21T12:26:34Z
1c6ef2adf3bf4ae2fc04312de22408f2,Big Big World,Johnny Burnette,1961,7,58,https://genius.com/Johnny-burnette-big-big-world-lyrics,coder_b,0,Song about finding love.,1,2026-02-24T08:27:27Z
1cfd1e1d5fe5509c0b6b27f57aa55e2e,I'm Just A Singer (In A Rock And Roll Band),The Moody Blues,1973,10,12,https://genius.com/The-moody-blues-im-just-a-singer-in-a-rock-and-roll-band-lyrics,coder_a,0,about being a singer,1,2026-02-22T15:52:25Z
1cfd1e1d5fe5509c0b6b27f57aa55e2e,I'm Just A Singer (In A Rock And Roll Band),The Moody Blues,1973,10,12,https://genius.com/The-moody-blues-im-just-a-singer-in-a-rock-and-roll-band-lyrics,coder_b,1,"How can we understand
Riots by the people for the people
Who are only destroying themselves
People who are scorching this earth",1,2026-02-25T00:29:01Z
1dcb0a01038affc8efe96a774833af18,Silent Running (On Dangerous Ground),Mike + The Mechanics,1986,24,6,https://genius.com/Mike-the-mechanics-silent-running-on-dangerous-ground-2013-remaster-lyrics,coder_b,1,"Take the children and yourself
And hide out in the cellar
By now the fighting will be close at hand
Don't believe the church and state
And everything they tell you
Believe in me, I'm with the high command
There's a gun and ammunition
Just inside the doorway
Use it only in emergency
Better you should pray to God",1,2026-02-25T12:02:15Z
1dcb0a01038affc8efe96a774833af18,Silent Running (On Dangerous Ground),Mike + The Mechanics,1986,24,6,https://genius.com/Mike-the-mechanics-silent-running-on-dangerous-ground-2013-remaster-lyrics,coder_a,1,"Take the children and yourself
And hide out in the cellar
By now the fighting will be close at hand
Don't believe the church and state
And everything they tell you
Believe in me, I'm with the high command",1,2026-03-02T17:50:46Z
1ddfec1057c1e6368915297e0335646f,What It Feels Like,Nipsey Hussle & Jay-Z,2021,1,51,https://genius.com/Nipsey-hussle-and-jay-z-what-it-feels-like-lyrics,coder_b,1,"You let them crackers storm your Capitol, put they feet up on your desk",0.9,2026-02-17T21:50:33Z
1ddfec1057c1e6368915297e0335646f,What It Feels Like,Nipsey Hussle & Jay-Z,2021,1,51,https://genius.com/Nipsey-hussle-and-jay-z-what-it-feels-like-lyrics,coder_a,1,"""You let them crackers storm your Capitol, put they feet up on your desk""",0.8,2026-02-15T17:36:29Z
1e407867c02ab4495a1be90c0fd2d653,Why Can't We Live Together,Timmy Thomas,1973,15,3,https://genius.com/Timmy-thomas-why-cant-we-live-together-lyrics,coder_a,1,"Everybody wants to live together
Why can't we live together?

[Verse 2]
No more wars, no more wars, no more war
Mmm, just a little peace in this world
No more wars, no more war
All we want is some peace in this world",1,2026-02-26T17:46:24Z
1e407867c02ab4495a1be90c0fd2d653,Why Can't We Live Together,Timmy Thomas,1973,15,3,https://genius.com/Timmy-thomas-why-cant-we-live-together-lyrics,coder_b,1,"No more wars, no more wars, no more war
Mmm, just a little peace in this worldEverybody wants to live together
Why can't we live together?
Bo matter, no matter what color
Mmm, you are still my brother",1,2026-02-25T10:52:44Z
1e4795a8be3cb70e6d12fd3d73bd374d,There Goes My Baby,Charlie Wilson,2009,2,98,https://genius.com/Charlie-wilson-there-goes-my-baby-lyrics,coder_a,0,Love song,1,2026-02-15T17:24:16Z
1e4795a8be3cb70e6d12fd3d73bd374d,There Goes My Baby,Charlie Wilson,2009,2,98,https://genius.com/Charlie-wilson-there-goes-my-baby-lyrics,coder_b,0,Song is about love at first sight.,1,2026-02-16T22:47:32Z
1e95f4f7f3e404b03da1408fb35e09e3,Progress,John Rich,2022,1,65,https://genius.com/John-rich-progress-lyrics,coder_a,1,"There's a hole in this country where its heart used to be
And Old Glory's divided, on fire in the street
They say Building Back Better will make America great
If that's a wave of the future, all I've got to say",1,2026-02-24T20:31:16Z
1e95f4f7f3e404b03da1408fb35e09e3,Progress,John Rich,2022,1,65,https://genius.com/John-rich-progress-lyrics,coder_b,1,"There's a hole in this country where its heart used to be
And Old Glory's divided, on fire in the street
They say Building Back Better will make America great
If that's a wave of the future, all I've got to say

Stick your progress where the sun don't shine
Keep your big mess away from me and mine
If you leave us alone, well we'd all be just fine
Stick your progress where the sun don't shine",1,2026-02-25T10:09:40Z
1ea5b2af41cae846de59ea36be0a51ef,You're The Voice,John Farnham,1990,8,82,https://genius.com/John-farnham-youre-the-voice-lyrics,coder_b,1,"We have the chance to turn the pages over
We can write what we want to write
We gotta make ends meet before we get much older
You're the voice, try and understand it
Make a noise and make it clear, oh, woah
We're not gonna sit in silence
We're not gonna live with fear, oh, woah",1,2026-02-24T13:48:32Z
1ea5b2af41cae846de59ea36be0a51ef,You're The Voice,John Farnham,1990,8,82,https://genius.com/John-farnham-youre-the-voice-lyrics,coder_a,1,"We're all someone's daughter
We're all someone's son
How long can we look at each other
Down the barrel of a gun?",1,2026-02-21T13:25:06Z
1ee28c5fb939e3e86307931cbb0ce13f,La Camisa Negra,Juanes,2005,13,89,https://genius.com/Juanes-la-camisa-negra-lyrics,coder_b,0,Song in spanish. Though song is about losing a loved one,1,2026-02-24T23:28:52Z
1ee28c5fb939e3e86307931cbb0ce13f,La Camisa Negra,Juanes,2005,13,89,https://genius.com/Juanes-la-camisa-negra-lyrics,coder_a,0,"Used Google Translate, its about someones lover leaving",1,2026-02-22T14:23:41Z
1ee43982e8d791c5bcbd0c88ed158ec0,Growin' Up,Dan Hill,1976,6,67,https://genius.com/Dan-hill-growing-up-lyrics,coder_a,1,"Ma cried like a lady
Pa cried like a man
1963, one less Kennedy
And I was too young to understand
And the years flew by in colors
Each one a little faster than before
And when the war caused some to cry
I'd identify my tv keeping score",1,2026-02-22T16:23:08Z
1ee43982e8d791c5bcbd0c88ed158ec0,Growin' Up,Dan Hill,1976,6,67,https://genius.com/Dan-hill-growing-up-lyrics,coder_b,1,"Growing up in the shadow of the USA
Trying to find the meaning of life today
America, it's a heavy kind of role you play
You're the hero, you're the villain
Your every move is on display",1,2026-02-25T00:55:14Z
202f343d829c720e81921ebe0284350e,Put Yourself In My Place,The Elgins,1966,4,92,https://genius.com/The-elgins-put-yourself-in-my-place-lyrics,coder_a,0,love song,1,2026-02-23T18:20:22Z
202f343d829c720e81921ebe0284350e,Put Yourself In My Place,The Elgins,1966,4,92,https://genius.com/The-elgins-put-yourself-in-my-place-lyrics,coder_b,0,Song about empathy,1,2026-02-25T09:03:16Z
206a5dd36796fa8dd144fc2600586f42,Don't Mess Up A Good Thing,Fontella Bass & Bobby McClure,1965,11,33,https://genius.com/Fontella-bass-and-bobby-mcclure-dont-mess-up-a-good-thing-lyrics,coder_a,0,love song,1,2026-02-26T18:54:43Z
206a5dd36796fa8dd144fc2600586f42,Don't Mess Up A Good Thing,Fontella Bass & Bobby McClure,1965,11,33,https://genius.com/Fontella-bass-and-bobby-mcclure-dont-mess-up-a-good-thing-lyrics,coder_b,0,A song about jealousy and messing things up,1,2026-02-25T11:10:58Z
213c2693e6d03c306b3ff119a8f39e6c,I'm Gonna Make You Love Me,The Blend,1979,5,91,https://genius.com/The-blend-us-rock-band-im-gonna-make-you-love-me-lyrics,coder_a,0,love song,0.7,2026-02-26T19:26:30Z
213c2693e6d03c306b3ff119a8f39e6c,I'm Gonna Make You Love Me,The Blend,1979,5,91,https://genius.com/The-blend-us-rock-band-im-gonna-make-you-love-me-lyrics,coder_b,0,Song about love,1,2026-02-25T11:14:24Z
22a92f0863927c2c26e1eeccc33d6479,Like A Surgeon,Weird Al Yankovic,1985,8,47,https://genius.com/Weird-al-yankovic-like-a-surgeon-lyrics,coder_a,0,Spoof of 'like a virgin' about being a surgeon,1,2026-02-22T16:43:07Z
22a92f0863927c2c26e1eeccc33d6479,Like A Surgeon,Weird Al Yankovic,1985,8,47,https://genius.com/Weird-al-yankovic-like-a-surgeon-lyrics,coder_b,0,Song is about being a fake surgeon,1,2026-02-25T08:38:11Z
231c466ff501f8cc2982eb2bbdd6fa3b,The Boy In The Bubble,Paul Simon,1987,4,86,https://genius.com/Paul-simon-the-boy-in-the-bubble-lyrics,coder_a,1,"It was a slow day and the sun was beating
On the soldiers by the side of the road
There was a bright light, a shattering of shop windows
The bomb in the baby carriage was wired to the radio",1,2026-02-22T16:46:44Z
231c466ff501f8cc2982eb2bbdd6fa3b,The Boy In The Bubble,Paul Simon,1987,4,86,https://genius.com/Paul-simon-the-boy-in-the-bubble-lyrics,coder_b,1,"It was a slow day and the sun was beating
On the soldiers by the side of the road
There was a bright light, a shattering of shop windows
The bomb in the baby carriage was wired to the radio",1,2026-02-25T08:41:22Z
234b78854c2f2b738718190fa47df3bb,Why Can't We Be Friends?,War,1975,20,6,https://genius.com/War-why-cant-we-be-friends-lyrics,coder_b,1,"I paid my money to the welfare line
I see you standing in it every time
The color of your skin don't matter to me (Ow!)
As long as we can live in harmony",1,2026-02-25T00:48:54Z
234b78854c2f2b738718190fa47df3bb,Why Can't We Be Friends?,War,1975,20,6,https://genius.com/War-why-cant-we-be-friends-lyrics,coder_a,1,"I paid my money to the welfare line
I see you standing in it every time

[Chorus: All]
Why can't we be friends?
Why can't we be friends?
Why can't we be friends?
Why can't we be friends?

[Verse 4]
The color of your skin don't matter to me (Ow!)
As long as we can live in harmony",1,2026-02-22T16:13:22Z
237cef1ab5f14d05018b9677cbb75eac,All Out Of Love,Air Supply,1980,27,2,https://genius.com/Air-supply-all-out-of-love-lyrics,coder_a,0,love song,1,2026-02-23T18:42:55Z
237cef1ab5f14d05018b9677cbb75eac,All Out Of Love,Air Supply,1980,27,2,https://genius.com/Air-supply-all-out-of-love-lyrics,coder_b,0,Song about love,1,2026-02-25T09:09:21Z
243e465e52f136df70ca708aa1f1bae6,One Foot Back In Your Door,Roman Holliday,1985,5,76,https://genius.com/Roman-holliday-one-foot-back-in-your-door-lyrics,coder_a,0,Love song,1,2026-02-15T17:23:29Z
243e465e52f136df70ca708aa1f1bae6,One Foot Back In Your Door,Roman Holliday,1985,5,76,https://genius.com/Roman-holliday-one-foot-back-in-your-door-lyrics,coder_b,0,Song is about a relationship.,1,2026-02-16T22:45:57Z
24cffcdd9b076dd231d760af26d2694d,Our World,Blue Mink,1970,6,64,https://genius.com/Blue-mink-our-world-lyrics,coder_b,1,"Let's keep our world
A fair place for people to live in
And we can live in a world for which we care

Why does everybody try to rule everything
That really matters in this world today?
Don't they know that this is our world
This is our world",1,2026-02-25T10:59:52Z
24cffcdd9b076dd231d760af26d2694d,Our World,Blue Mink,1970,6,64,https://genius.com/Blue-mink-our-world-lyrics,coder_a,1,"The world is ours
The place we all share together
And all together there's such a lot to share

Let's keep our world
A fair place for people to live in
And we can live in a world for which we care",1,2026-02-26T18:03:08Z
250d88d3de750a0f95f331311a25859d,I Swear,John Michael Montgomery,1994,20,42,https://genius.com/John-michael-montgomery-i-swear-lyrics,coder_a,0,love song,1,2026-02-22T15:49:27Z
250d88d3de750a0f95f331311a25859d,I Swear,John Michael Montgomery,1994,20,42,https://genius.com/John-michael-montgomery-i-swear-lyrics,coder_b,0,Song about a a marriage,1,2026-02-25T00:26:10Z
25b4b09231cf0ee44e5fabf6e364dfb1,The Adventures Of Moon Man & Slim Shady,Kid Cudi & Eminem,2020,1,22,https://genius.com/Kid-cudi-and-eminem-the-adventures-of-moon-man-and-slim-shady-lyrics,coder_a,1,"Fuck's going on, man? (Yeah, huh?)
Bunch of half-wits up in office (What?)
Half of us walking around like a zombie apocalypse
Other half are just pissed off and (Yeah)",0.8,2026-02-24T21:09:50Z
25b4b09231cf0ee44e5fabf6e364dfb1,The Adventures Of Moon Man & Slim Shady,Kid Cudi & Eminem,2020,1,22,https://genius.com/Kid-cudi-and-eminem-the-adventures-of-moon-man-and-slim-shady-lyrics,coder_b,1,"And God's my jury, so when I die, I'm not worried (Nah)
Prayers to George Floyd and Ahmaud Arbery (Yeah)
How the fuck is it that so many cops are dirty? (Huh?)
Stop, man, please, officer, I'm sorry
But I can't breathe when I got you on top of me
Your goddamn knee's on my carotid artery (Fuck)",1,2026-02-25T10:51:04Z
2708f447fad890846f8d80df11e23b9a,You're The Man (Part 1),Marvin Gaye,1972,5,50,https://genius.com/Marvin-gaye-youre-the-man-part-1-lyrics,coder_a,1,"The nation's taxation
Is causin' all, all this inflation
Don't give us no peace sign
Turn around and rob the people blind",1,2026-02-23T18:23:18Z
2708f447fad890846f8d80df11e23b9a,You're The Man (Part 1),Marvin Gaye,1972,5,50,https://genius.com/Marvin-gaye-youre-the-man-part-1-lyrics,coder_b,1,"So blind, and signifying
Your opponents always lying
Think about the mistakes you make
'Cause I believe America's at stake",1,2026-02-25T09:03:37Z
2726ba54cf42021a36b9e90512530c3b,I Can't Hold On,Karla Bonoff,1978,4,76,https://genius.com/Karla-bonoff-i-cant-hold-on-lyrics,coder_a,0,love song,1,2026-02-24T20:19:38Z
2726ba54cf42021a36b9e90512530c3b,I Can't Hold On,Karla Bonoff,1978,4,76,https://genius.com/Karla-bonoff-i-cant-hold-on-lyrics,coder_b,0,Song about being in a relationship,1,2026-02-25T09:25:50Z
2812c2cb2ebcd6eef578b7e26f364d73,Give It Up,Wilson Phillips,1992,11,30,https://genius.com/Wilson-phillips-give-it-up-lyrics,coder_b,0,Song about love,1,2026-02-25T10:08:54Z
2812c2cb2ebcd6eef578b7e26f364d73,Give It Up,Wilson Phillips,1992,11,30,https://genius.com/Wilson-phillips-give-it-up-lyrics,coder_a,0,love song,1,2026-02-24T20:30:14Z
2977df2cee6b98162e07c224a1ae1336,The Windows Of The World,Dionne Warwick,1967,9,32,https://genius.com/Dionne-warwick-the-windows-of-the-world-lyrics,coder_a,1,"The windows of the world are covered with rain
Where is the sunshine we once knew?
Everybody knows when little children play
They need a sunny day to grow straight and tall
Let the sun shine through

[Verse 2]
The windows of the world are covered with rain
When will those black skies turn to blue?
Everybody knows when boys grow into men
They start to wonder when their country will call
Let the sun shine through",0.9,2026-02-22T14:37:53Z
2977df2cee6b98162e07c224a1ae1336,The Windows Of The World,Dionne Warwick,1967,9,32,https://genius.com/Dionne-warwick-the-windows-of-the-world-lyrics,coder_b,1,"When will those black skies turn to blue?
Everybody knows when boys grow into men
They start to wonder when their country will call
Let the sun shine through",1,2026-02-24T23:36:46Z
2993cc059cf57dfd22662cc54e46c2c4,Chicago,Graham Nash,1971,11,35,https://genius.com/Graham-nash-chicago-lyrics,coder_a,1,"Politicians, sit yourselves down
There's nothing for you here
Won't you please come to Chicago for a ride?
Don't ask Jack to help you
'Cause he'll turn the other ear
Won't you please come to Chicago or else join the other side?",1,2026-02-21T12:04:51Z
2993cc059cf57dfd22662cc54e46c2c4,Chicago,Graham Nash,1971,11,35,https://genius.com/Graham-nash-chicago-lyrics,coder_b,1,"Won't you please come to Chicago just to sing?
In a land that's known as freedom
How can such a thing be fair?
Won't you please come to Chicago for the help that we can bring?

We can change the world
Rearrange the world
It's dying
To get better",1,2026-02-22T23:40:46Z
2a2e03511112ee864d5cf6d75c4916b3,How Will I Know,Whitney Houston,1986,24,1,https://genius.com/Whitney-houston-how-will-i-know-lyrics,coder_b,0,Song about love,1,2026-02-25T10:58:00Z
2a2e03511112ee864d5cf6d75c4916b3,How Will I Know,Whitney Houston,1986,24,1,https://genius.com/Whitney-houston-how-will-i-know-lyrics,coder_a,0,love song,1,2026-02-26T17:58:30Z
2abec58e163656c49ecf7153a22cf230,I Was Made For Lovin' You,Kiss,1979,16,11,https://genius.com/Kiss-i-was-made-for-lovin-you-lyrics,coder_a,0,Love song,1,2026-02-21T12:10:32Z
2abec58e163656c49ecf7153a22cf230,I Was Made For Lovin' You,Kiss,1979,16,11,https://genius.com/Kiss-i-was-made-for-lovin-you-lyrics,coder_b,0,Song about love,1,2026-02-22T23:52:01Z
2b30d21c031d90c1ebd9956e55eb75ef,I Do The Rock,Tim Curry,1979,3,91,https://genius.com/Tim-curry-i-do-the-rock-lyrics,coder_a,1,"John and Yoko farming beef
Raising protein quota
Sometimes they make love and art
Inside the Dakota
Rodney's feeling sexy
Mick is really frightfully bold
Me, I do the only thing
That stops me growing old
I do the Rock",1,2026-02-24T21:03:02Z
2b30d21c031d90c1ebd9956e55eb75ef,I Do The Rock,Tim Curry,1979,3,91,https://genius.com/Tim-curry-i-do-the-rock-lyrics,coder_b,1,"Edith Sitwell giving readings
14 Moscow RoadSolzhenitsyn feels exposed
Build a barbed-wired prison
Nietzsche's six feet under
I could never get the hang of ideology",1,2026-02-25T10:33:52Z
2b43e4812110d0c928bddca046e8a907,More Love,Smokey Robinson & The Miracles,1967,11,23,https://genius.com/Smokey-robinson-and-the-miracles-more-love-lyrics,coder_b,0,Song is about a relationship.,0.9,2026-02-17T23:48:19Z
2b43e4812110d0c928bddca046e8a907,More Love,Smokey Robinson & The Miracles,1967,11,23,https://genius.com/Smokey-robinson-and-the-miracles-more-love-lyrics,coder_a,0,love song,1,2026-02-16T18:15:52Z
2b556e421b27882a18dc89287ea2ea74,Play Something Country,Brooks & Dunn,2005,17,37,https://genius.com/Brooks-and-dunn-play-something-country-lyrics,coder_a,1,"Themes about urban vs. 'redneck' lifestyles: Yes, she blew through the door like TNT
Put her hand on her hip, pointed a finger at me
Said: ""I'm a whiskey drinking, cowboy chasing, helluva time
""I like Kenny, Keith, Alan and Patsy Cline
""I'm a full grown Queen Bee looking for honey
""Ha-ooh-hoo, aw, play something country.""
Yeah, the band took a break
The DJ played P Diddy
She said: ""I didn't come here to hear
""Something thumping from the city.""
Said: ""I, I shaved my legs, I paid my money
""Ha-ooh-hoo, play something country
""Ha-ooh-hoo, aw, play something country.""",0.3,2026-03-02T18:09:40Z
2b556e421b27882a18dc89287ea2ea74,Play Something Country,Brooks & Dunn,2005,17,37,https://genius.com/Brooks-and-dunn-play-something-country-lyrics,coder_b,0,A song about country music,1,2026-02-25T12:13:06Z
2bb37cfc2df847ca441146eeeb36cedc,What I Need To Do,Kenny Chesney,2000,17,56,https://genius.com/Kenny-chesney-what-i-need-to-do-lyrics,coder_b,0,Song is about coming home to a girl,1,2026-02-16T23:34:23Z
2bb37cfc2df847ca441146eeeb36cedc,What I Need To Do,Kenny Chesney,2000,17,56,https://genius.com/Kenny-chesney-what-i-need-to-do-lyrics,coder_a,0,love song,1,2026-02-15T17:28:46Z
2ccf5d0fa18c8e0e6f7a23308e15f2f4,Let's Go All The Way,Sly Fox,1986,25,7,https://genius.com/Sly-fox-lets-go-all-the-way-lyrics,coder_a,1,"Workin' in a factory
Eight days a week
Try to make dollar
Damn, what a beat
Cartoon capers
Happen in reality
Rich man, poor man
Livin' in fantasy",1,2026-02-22T15:17:41Z
2ccf5d0fa18c8e0e6f7a23308e15f2f4,Let's Go All The Way,Sly Fox,1986,25,7,https://genius.com/Sly-fox-lets-go-all-the-way-lyrics,coder_b,1,"Livin' in New York
Looks like an apple core (Apple core)
Asphalt jungle
Got to be a man of war
California dreamers",0.6,2026-02-25T00:08:44Z
2d1c4473eca0135c49d78a9eb3a368da,The Walker,Fitz And The Tantrums,2014,12,67,https://genius.com/Fitz-and-the-tantrums-the-walker-lyrics,coder_b,0,A song about dancing and singing.,1,2026-02-25T11:47:07Z
2d1c4473eca0135c49d78a9eb3a368da,The Walker,Fitz And The Tantrums,2014,12,67,https://genius.com/Fitz-and-the-tantrums-the-walker-lyrics,coder_a,0,About reaching dreams? Unsure,0.3,2026-03-02T17:34:44Z
2d4060bc6f4e26ccc704b3358531b621,Moon,Kanye West,2021,5,17,https://genius.com/Kanye-west-moon-lyrics,coder_a,0,About ambition,1,2026-02-22T14:57:53Z
2d4060bc6f4e26ccc704b3358531b621,Moon,Kanye West,2021,5,17,https://genius.com/Kanye-west-moon-lyrics,coder_b,0,Song about wanting to go to the moon.,1,2026-02-24T23:52:27Z
2da9c9d5df13ae10ced53169a5cd5981,Greetings (This Is Uncle Sam),The Monitors,1966,1,100,https://genius.com/The-monitors-greetings-this-is-uncle-sam-lyrics,coder_b,1,"Say hello to your new friends
'Cause you're in the army now
With a rifle in my hand (Hut, two, three, four)",1,2026-02-25T00:41:17Z
2da9c9d5df13ae10ced53169a5cd5981,Greetings (This Is Uncle Sam),The Monitors,1966,1,100,https://genius.com/The-monitors-greetings-this-is-uncle-sam-lyrics,coder_a,1,"Greetings, this is Uncle Sam
I want to take you to a far off land

[Chorus]
I need you (I need you)
Oh, I need you (I need you)
Yes, I need you (I need you)
To lend a helping hand (I need you)

[Verse 2]
Say goodbye to all my buddies
Say hello to your new friends
'Cause you're in the army now
And your new life has just begun",1,2026-02-22T15:57:12Z
2dd121d33e8ff8599d603efa944db15a,For America,Jackson Browne,1986,12,30,https://genius.com/Jackson-browne-for-america-lyrics,coder_b,1,"[Chorus]
I have prayed for America
I was made for America
It's in my blood and in my bones
By the dawn's early light
By all I know is right
We're gonna reap what we have sown
As if freedom was a question of might
As if loyalty was black and white
You hear people say it all the time
""My country wrong or right""
I want to know what that's got to do
With what it takes to find out what's true
With everyone from the President on down
Trying to keep it from you",1,2026-02-24T13:50:20Z
2dd121d33e8ff8599d603efa944db15a,For America,Jackson Browne,1986,12,30,https://genius.com/Jackson-browne-for-america-lyrics,coder_a,1,"The kid I was when I first left home
Was looking for his freedom and a life of his own
But the freedom that he found wasn't quite as sweet
When the truth was known

[Chorus]
I have prayed for America
I was made for America
It's in my blood and in my bones
By the dawn's early light
By all I know is right
We're gonna reap what we have sown",1,2026-02-21T13:28:55Z
2e0461c632b24ba3115791c079f3be03,Ashes And Sand,Johnny Rivers,1977,4,96,https://genius.com/Johnny-rivers-ashes-and-sand-lyrics,coder_b,0,Song about a relationship,1,2026-02-24T08:06:08Z
2e0461c632b24ba3115791c079f3be03,Ashes And Sand,Johnny Rivers,1977,4,96,https://genius.com/Johnny-rivers-ashes-and-sand-lyrics,coder_a,0,love song,1,2026-02-21T12:20:43Z
2e1aa5b21cceb497b120c21a1646bd0c,Jesus Was A Capricorn,Kris Kristofferson,1973,3,91,https://genius.com/Kris-kristofferson-jesus-was-a-capricorn-owed-to-john-prine-lyrics,coder_a,1,"Eggheads cussin', rednecks cussin' hippies for their hair
Others laugh at straights who laugh at freaks who laugh at squares
Some folks hate the Whites who hate the Blacks who hate the Klan
Most of us hate anything we don't understand",1,2026-02-15T17:13:12Z
2e1aa5b21cceb497b120c21a1646bd0c,Jesus Was A Capricorn,Kris Kristofferson,1973,3,91,https://genius.com/Kris-kristofferson-jesus-was-a-capricorn-owed-to-john-prine-lyrics,coder_b,1,"Eggheads cussin', rednecks cussin' hippies for their hair
Others laugh at straights who laugh at freaks who laugh at squares
Some folks hate the Whites who hate the Blacks who hate the Klan
Most of us hate anything we don't understand",1,2026-02-16T22:39:25Z
2e93b42e84397e2701bce7ddfb4c2925,Can't Be Really Gone,Tim McGraw,1996,5,87,https://genius.com/Tim-mcgraw-cant-be-really-gone-lyrics,coder_b,0,Song about losing someone.,1,2026-02-17T22:39:27Z
2e93b42e84397e2701bce7ddfb4c2925,Can't Be Really Gone,Tim McGraw,1996,5,87,https://genius.com/Tim-mcgraw-cant-be-really-gone-lyrics,coder_a,0,love song,1,2026-02-15T17:52:13Z
2eb9989f3190a21b4fd10a17265c4cb0,Soldier Boy,The Shirelles,1962,14,1,https://genius.com/The-shirelles-soldier-boy-lyrics,coder_b,1,"Soldiers can be seen as the representation of political force. The song also notes an ability to be sent abroad which implies to some extent, political power through war.",0.9,2026-02-13T22:27:33Z
2eb9989f3190a21b4fd10a17265c4cb0,Soldier Boy,The Shirelles,1962,14,1,https://genius.com/The-shirelles-soldier-boy-lyrics,coder_a,0,"Mentions a 'soldier boy' which could be synonymous with political views of war, but it is purely about romance.",0.8,2026-02-15T16:18:21Z
2ed6c74ce9364b38e634aec9dca399e8,Trauma,Meek Mill,2018,1,61,https://genius.com/Meek-mill-trauma-lyrics,coder_b,1,"And even worse, my judge Black, don't wanna see me do well
It's either that or Black people for sale
And them people ain't finna give no parole to ya, they want blood
We all hangin' with a noose on our neck
My celly mom just died, he wanna use my collect
And they got us warring for our freedom
Seen my brother blood on the pavement
How you wake up in the mornin' feelin' evil?
Huh, trauma",1,2026-02-25T11:19:20Z
2ed6c74ce9364b38e634aec9dca399e8,Trauma,Meek Mill,2018,1,61,https://genius.com/Meek-mill-trauma-lyrics,coder_a,1,"Uh, my mama used to pray that she'd see me in Yale
It's fucked up she gotta see me in jail
On a visit with Lil Papi, it hurt even though I seemed to be well
They got a smoker with a key to my cell, damn
And even worse, my judge Black, don't wanna see me do well
It's either that or Black people for sale
Gave me two to four years like, ""Fuck your life, meet me in hell""
And let it burn like Lucifer, you look even stupider
Tryna impress them people in power who power abusin' us
For forty-four dollars an hour, you coward, they usin' ya",1,2026-02-26T19:39:52Z
2f38cdf269751e2accba7ccbc208560d,Highwire,The Rolling Stones,1991,7,57,https://genius.com/The-rolling-stones-highwire-lyrics,coder_b,1,"We sell them missiles, we sell them tanks
We give them credit, you can call up the bank
It's just a business, you can pay us in crude
You'll love these toys, just go play out your feuds
We got no pride, don't know whose boots to lick
We act so greedy, make me sick sick sick",1,2026-02-18T00:02:24Z
2f38cdf269751e2accba7ccbc208560d,Highwire,The Rolling Stones,1991,7,57,https://genius.com/The-rolling-stones-highwire-lyrics,coder_a,1,"We sell them missiles, we sell them tanks
We give them credit, you can call up the bank
It's just a business, you can pay us in crude
You'll love these toys, just go play out your feuds
We got no pride, don't know whose boots to lick
We act so greedy, make me sick sick sick",1,2026-02-16T18:23:16Z
2f50f83f8de27adc5fbab9f7d05e070c,5 O'Clock,Nonchalant,1996,20,24,https://genius.com/Nonchalant-5-oclock-lyrics,coder_a,1,"It's really real, when I feel the way that I do right now
I see all my brothers underground
Pushing up daisies, man, it amazes me
That you can't see where you gonna be
A statistic, everybody's gon' call ballistic
If you had a good day, damn, I must have missed it
Cause you mad at the Universe
Going to hell with everybody else cause you want your own first
I got the urge to let you in on a little secret
Cause you keep dying if I keep it
All the keeling that you're feeling is from within
For the copper check the color of your skin
Why lie? I couldn't try even if I had to
Born with the bullet-proof vest when I had you
A black woman trying to get through to the few
So you can leave the next crew",1,2026-02-22T15:38:20Z
2f50f83f8de27adc5fbab9f7d05e070c,5 O'Clock,Nonchalant,1996,20,24,https://genius.com/Nonchalant-5-oclock-lyrics,coder_b,1,"Born with the bullet-proof vest when I had you
A black woman trying to get through to the few
So you can leave the next crew",0.9,2026-02-25T00:20:21Z
2fa7b3987cab4150a3d7e97ffbf0dcce,Everybody,Logic,2017,2,59,https://genius.com/Logic-everybody-lyrics,coder_b,1,"Run, mothafucka, run
Before the popo get the gun, put it to your brain like goddamn!
Everybody know you ain't about it
And maybe lead us, fuck an elitist
Hell of a long way from equal is how they treat us
Body of a builder with the mind of a fetus
Turn on the television and see the vision they feed us
And I wish I could erase that, face facts",1,2026-02-25T08:58:46Z
2fa7b3987cab4150a3d7e97ffbf0dcce,Everybody,Logic,2017,2,59,https://genius.com/Logic-everybody-lyrics,coder_a,1,"A box, under the bridge, like Anthony Kiedis?
Looking for something to complete us
And maybe lead us, fuck an elitist
Hell of a long way from equal is how they treat us",1,2026-02-23T18:10:01Z
2fbf529b0b6e6212d892d20e1d4334ba,19,Paul Hardcastle,1985,14,15,https://genius.com/Paul-hardcastle-19-lyrics,coder_b,1,"In 1965, Vietnam seemed like just another foreign war
But it wasn't
It was different in many ways, and so were those who did the fighting
In World War II the average age of the combat soldier was twenty-six
In Vietnam, he was nineteen
In-in-in-in-in-in-in-in Vietnam, he was nineteen",1,2026-02-18T23:12:24Z
2fbf529b0b6e6212d892d20e1d4334ba,19,Paul Hardcastle,1985,14,15,https://genius.com/Paul-hardcastle-19-lyrics,coder_a,1,"In 1965, Vietnam seemed like just another foreign war
But it wasn't
It was different in many ways, and so were those who did the fighting
In World War II the average age of the combat soldier was twenty-six
In Vietnam, he was nineteen
In-in-in-in-in-in-in-in Vietnam, he was nineteen",1,2026-02-16T18:29:56Z
30605bf7f95711406d154561e9b53881,Blood On The Leaves,Kanye West,2013,2,89,https://genius.com/Kanye-west-blood-on-the-leaves-lyrics,coder_b,1,"Gotta keep 'em separated, I call that apartheid
Then she said she pregnant-ated, that's the night your heart died
Then you gotta go and tell your girl and report that
Main reason 'cause your pastor said you can't abort that
Now your driver say that new Benz, you can't afford that",0.7,2026-02-24T22:41:18Z
30605bf7f95711406d154561e9b53881,Blood On The Leaves,Kanye West,2013,2,89,https://genius.com/Kanye-west-blood-on-the-leaves-lyrics,coder_a,1,"And breathe and breathe (Black bodies swinging in the southern breeze)
And live and learn, and live and learn (Strange fruit hangin')
And livin' and livin' like I'm lonely (From the poplar trees)
Lonely, lonely, lonely (From the poplar trees)
And livin' lonely
And live and learn (Freeze, freeze)
And live (Blood on the leaves)
And live (Freeze, freeze)
Blood on the leaves
Freeze, freeze",0.5,2026-02-21T13:49:32Z
30aa4b9bc84b9cb14820293b44918099,Jambalaya (On The Bayou),Fats Domino,1962,8,30,https://genius.com/Fats-domino-jambalaya-on-the-bayou-lyrics,coder_a,0,"Quite unsure, I think its about a party, but its got some Cajun lingo im unfamiliar with",0.5,2026-02-26T17:53:08Z
30aa4b9bc84b9cb14820293b44918099,Jambalaya (On The Bayou),Fats Domino,1962,8,30,https://genius.com/Fats-domino-jambalaya-on-the-bayou-lyrics,coder_b,0,Song about partying,1,2026-02-25T10:56:24Z
30e79f6ca98cf047111d36ef89eb7cf6,Waiting On The World To Change,John Mayer,2007,40,14,https://genius.com/John-mayer-waiting-on-the-world-to-change-lyrics,coder_a,1,"It's hard to beat the system
When we're standing at a distance
So we keep a-waiting (Waiting)
Waiting on the world to change

[Verse 2]
Now if we had the power
To bring our neighbors home from war
They would have never missed a Christmas
No more ribbons on their door
And when you trust your television
What you get is what you got
'Cause when they own the information, oh
They can bend it all they want",1,2026-02-22T16:25:21Z
30e79f6ca98cf047111d36ef89eb7cf6,Waiting On The World To Change,John Mayer,2007,40,14,https://genius.com/John-mayer-waiting-on-the-world-to-change-lyrics,coder_b,1,"Now if we had the power
To bring our neighbors home from war
They would have never missed a Christmas
No more ribbons on their door
And when you trust your television
What you get is what you got
'Cause when they own the information, oh
They can bend it all they want",1,2026-02-25T00:55:57Z
32881462c81dc664d1a8b474bb70375b,It's A Groovy World!,The Unifics,1969,2,97,https://genius.com/The-unifics-its-a-groovy-world-lyrics,coder_b,1,"People are gonna be people
No matter where you go
So forget the black, the white, the rich, the poor
The right and the wrong
Let everybody be everybody
So we can all get along",1,2026-02-25T00:20:41Z
32881462c81dc664d1a8b474bb70375b,It's A Groovy World!,The Unifics,1969,2,97,https://genius.com/The-unifics-its-a-groovy-world-lyrics,coder_a,1,"This is a groovy world we live in
And everybody must know
People are gonna be people
No matter where you go
So forget the black, the white, the rich, the poor
The right and the wrong
Let everybody be everybody
So we can all get along",1,2026-02-22T15:39:24Z
32bdc7f4ee090667d77151f5259a5073,In America,The Charlie Daniels Band,1980,15,11,https://genius.com/Charlie-daniels-in-america-lyrics,coder_a,1,"Well, the eagle's been flying slow
And the flag's been flying low
And a lot of people saying that America's fixing to fall
Well, speaking just for me
And some people from Tennessee
We've got a thing or two to tell you all
This lady may have stumbled
But she ain't never fell
And if the Russians don't believe that
They can all go straight to hell
We're gonna put her feet back
On the path of righteousness and then
God bless America again",1,2026-02-22T15:28:49Z
32bdc7f4ee090667d77151f5259a5073,In America,The Charlie Daniels Band,1980,15,11,https://genius.com/Charlie-daniels-in-america-lyrics,coder_b,1,"[Verse 1]
Well, the eagle's been flying slow
And the flag's been flying low
And a lot of people saying that America's fixing to fall
Well, speaking just for me
And if the Russians don't believe that
They can all go straight to hell
We're gonna put her feet back
On the path of righteousness and then
God bless America again",1,2026-02-25T00:11:39Z
32c532d69bedb0cc2ff8f7e2431c9f99,Living In The Past,Jethro Tull,1973,14,11,https://genius.com/Jethro-tull-living-in-the-past-lyrics,coder_b,1,"While others shout of war's disaster

[Refrain]
Oh, we won't give in
Let's go living in the past
Now there's revolution
But they don't know what they're fighting
Let us close our eyes
Outside their lives go on much faster",1,2026-02-24T22:45:33Z
32c532d69bedb0cc2ff8f7e2431c9f99,Living In The Past,Jethro Tull,1973,14,11,https://genius.com/Jethro-tull-living-in-the-past-lyrics,coder_a,1,"Happy, and I'm smiling
Walk a mile to drink your water
You know I'd love to love you
And above you there's no other
We'll go walking out
While others shout of war's disaster

[Refrain]
Oh, we won't give in
Let's go living in the past

[Bridge]

[Verse 2]
Once I used to join in
Every boy and girl was my friend
Now there's revolution
But they don't know what they're fighting
Let us close our eyes
Outside their lives go on much faster",0.9,2026-02-21T13:55:00Z
32ec667e714d3033aef480f783c6ee98,Gimme Some Lovin',Blues Brothers,1980,14,18,https://genius.com/The-blues-brothers-gimme-some-lovin-lyrics,coder_b,0,A song about love,1,2026-02-25T11:49:50Z
32ec667e714d3033aef480f783c6ee98,Gimme Some Lovin',Blues Brothers,1980,14,18,https://genius.com/The-blues-brothers-gimme-some-lovin-lyrics,coder_a,0,love song,1,2026-03-02T17:40:27Z
3384673674e950e7dc5d3ddb06a3c703,You Need To Calm Down,Taylor Swift,2019,21,2,https://genius.com/Taylor-swift-you-need-to-calm-down-lyrics,coder_b,1,Cause shade never made anybody less gay,0.8,2026-02-24T23:26:10Z
3384673674e950e7dc5d3ddb06a3c703,You Need To Calm Down,Taylor Swift,2019,21,2,https://genius.com/Taylor-swift-you-need-to-calm-down-lyrics,coder_a,1,"Why are you mad when you could be GLAAD? (You could be GLAAD)
Sunshine on the street at the parade
But you would rather be in the dark ages
Makin' that sign must've taken all night

[Pre-Chorus]
You just need to take several seats and then try to restore the peace
And control your urges to scream about all the people you hate
'Cause shade never made anybody less gay",1,2026-02-21T15:00:19Z
33d17e1e530a9af5f7f78ef09bb7c026,Love Is The Seventh Wave,Sting,1986,13,17,https://genius.com/Sting-love-is-the-seventh-wave-lyrics,coder_a,1,"All the bloodshed, all the anger
All the weapons, all the greed
All the armies, all the missiles
All the symbols of our fear, I say",1,2026-02-26T19:33:20Z
33d17e1e530a9af5f7f78ef09bb7c026,Love Is The Seventh Wave,Sting,1986,13,17,https://genius.com/Sting-love-is-the-seventh-wave-lyrics,coder_b,1,Song about revolution and war,1,2026-02-25T11:16:35Z
34dea9bacefb5935ffb0ad122f506194,Neighbors,J. Cole,2016,6,13,https://genius.com/J-cole-neighbors-lyrics,coder_a,1,"Some things you can't escape:
Death, taxes, and a ra-
-cist society that make
Every nigga feel like a candidate
For a Trayvon kinda fate
Even when your crib sit on a lake
Even when your plaques hang on a wall
Even when the president jam your tape
Took a little break just to annotate
How I feel, damn, it's late
I can't sleep cause I'm paranoid
Black in a white man territory
Cops bust in with the army guns
No evidence of the harm we done",1,2026-02-22T16:19:22Z
34dea9bacefb5935ffb0ad122f506194,Neighbors,J. Cole,2016,6,13,https://genius.com/J-cole-neighbors-lyrics,coder_b,1,"Yeah, I don't want no picture with the president
I just wanna talk to the man
Even when your crib sit on a lake
Even when your plaques hang on a wall
Even when the president jam your tape
Took a little break just to annotate",0.8,2026-02-25T00:53:08Z
368178b6eff7204969c87f460d2a94c1,Kissing My Love,Bill Withers,1973,10,31,https://genius.com/Bill-withers-kissing-my-love-lyrics,coder_a,0,love song,1,2026-02-21T12:24:27Z
368178b6eff7204969c87f460d2a94c1,Kissing My Love,Bill Withers,1973,10,31,https://genius.com/Bill-withers-kissing-my-love-lyrics,coder_b,0,Song about love.,1,2026-02-24T08:19:39Z
36de4e1d70dde875d8be28045797e473,Free Your Mind,En Vogue,1992,20,8,https://genius.com/En-vogue-free-your-mind-lyrics,coder_a,1,"Prejudice, wrote a song about it
Like to hear it? Here it go
Free your mind",1,2026-02-24T20:29:42Z
36de4e1d70dde875d8be28045797e473,Free Your Mind,En Vogue,1992,20,8,https://genius.com/En-vogue-free-your-mind-lyrics,coder_b,1,"Free your mind and the rest will follow
Be color blind, don't be so shallow",1,2026-02-25T10:08:23Z
374dcce7eb8535daf6062e56ca6571f7,God Bless The U.S.A.,American Idol Finalists,2003,8,4,https://genius.com/American-idol-finalists-god-bless-the-usa-lyrics,coder_a,1,patriotism,1,2026-02-22T14:24:52Z
374dcce7eb8535daf6062e56ca6571f7,God Bless The U.S.A.,American Idol Finalists,2003,8,4,https://genius.com/American-idol-finalists-god-bless-the-usa-lyrics,coder_b,1,"I'd thank my lucky stars to be living here today
'Cause the flag still stands for freedom
And they can't take that away
And I'm proud to be an american
Were at least I know I'm free
And I won't forget the ones who died and gave that right to me
And I'd gladly stand up next to you
And defend her still today
'Cause there ain't no doubt I love this land
God Bless the USA",1,2026-02-24T23:29:14Z
37ba6568166addd76d2c88912413ebbf,Soldier's Joy,Hawkshaw Hawkins,1959,2,87,https://genius.com/Hawkshaw-hawkins-soldiers-joy-lyrics,coder_b,1,"The god darn redcoats are holdin' 'em tightThere goes General Washington
He's got his horse in a sweeping run
The barefoot boys are beggin' to fight
We're gonna cross the Delaware River tonight",1,2026-02-17T23:57:30Z
37ba6568166addd76d2c88912413ebbf,Soldier's Joy,Hawkshaw Hawkins,1959,2,87,https://genius.com/Hawkshaw-hawkins-soldiers-joy-lyrics,coder_a,1,"There goes General Washington
He's got his horse in a sweeping run
The barefoot boys are beggin' to fight
We're gonna cross the Delaware River tonight",0.8,2026-02-16T18:19:22Z
380d0abad075959b8eeb9969835f16a6,Talk,Yeat,2022,5,42,https://genius.com/Yeat-talk-lyrics,coder_b,0,Song about being rich.,1,2026-02-25T10:21:49Z
380d0abad075959b8eeb9969835f16a6,Talk,Yeat,2022,5,42,https://genius.com/Yeat-talk-lyrics,coder_a,1,"This bit seems political but not very convinced, seems to be a song about fame and concerts: How you gon' talk to a rat? (Huh?) How you gon' talk to the feds? (Woo)
How you gon' talk to the shmeds? (Woo) Now you gon' talk to the lead? (Huh?)",0.3,2026-02-24T20:43:10Z
38230834efe27a331c608d53d1c2deb7,Coco Jamboo,Mr. President,1997,20,21,https://genius.com/Mr-president-coco-jamboo-lyrics,coder_a,0,About partying,1,2026-02-24T21:10:21Z
38230834efe27a331c608d53d1c2deb7,Coco Jamboo,Mr. President,1997,20,21,https://genius.com/Mr-president-coco-jamboo-lyrics,coder_b,0,Song about dancing,1,2026-02-25T10:51:25Z
386d27cb3161ddfae458a27ba2c86cf8,Lies,EMF,1991,14,18,https://genius.com/Emf-lies-lyrics,coder_a,0,love song,1,2026-02-23T18:05:49Z
386d27cb3161ddfae458a27ba2c86cf8,Lies,EMF,1991,14,18,https://genius.com/Emf-lies-lyrics,coder_b,0,Song about lying to someone,1,2026-02-25T08:56:11Z
38ad57db8e0868820dab63f9ea41e26a,Meet El Presidente,Duran Duran,1987,5,70,https://genius.com/Duran-duran-meet-el-presidente-lyrics,coder_a,1,"You might adopt an attitude
Look on the moral side
But if police are after you
Where's the best place to hide?
For this production
They gave her a gun
Ain't no director
So watch out actors!",0.7,2026-02-24T20:57:34Z
38ad57db8e0868820dab63f9ea41e26a,Meet El Presidente,Duran Duran,1987,5,70,https://genius.com/Duran-duran-meet-el-presidente-lyrics,coder_b,1,"You might adopt an attitude
Look on the moral side
But if police are after you
Where's the best place to hide?
For this production
They gave her a gun
Ain't no director
So watch out actors!",0.7,2026-02-25T10:30:54Z
3911fc2732c30e05e1c9b4f332e24a3b,Just Because I Love You,Lina Santiago,1996,8,78,https://genius.com/Lina-santiago-just-because-i-love-you-lyrics,coder_b,0,Song about love,1,2026-02-24T08:05:43Z
3911fc2732c30e05e1c9b4f332e24a3b,Just Because I Love You,Lina Santiago,1996,8,78,https://genius.com/Lina-santiago-just-because-i-love-you-lyrics,coder_a,0,love song,1,2026-02-21T12:20:17Z
391e33dd271779bb48939653fcb06598,Party In The U.S.A.,Miley Cyrus,2009,29,2,https://genius.com/Miley-cyrus-party-in-the-usa-lyrics,coder_a,0,About partying and fame,0.7,2026-02-21T13:10:51Z
391e33dd271779bb48939653fcb06598,Party In The U.S.A.,Miley Cyrus,2009,29,2,https://genius.com/Miley-cyrus-party-in-the-usa-lyrics,coder_b,0,Song about partying,1,2026-02-24T09:50:31Z
3923ac95b17060bc9d479703a37eed07,We're Not Gonna Take It,Twisted Sister,1984,15,21,https://genius.com/Twisted-sister-were-not-gonna-take-it-lyrics,coder_b,1,"[Verse 1]
We've got the right to choose, and
There ain't no way we'll lose it
This is our life, this is our song
We'll fight the powers that be, just
Don't pick our destiny, 'cause
You don't know us, you don't belong",1,2026-02-25T00:53:53Z
3923ac95b17060bc9d479703a37eed07,We're Not Gonna Take It,Twisted Sister,1984,15,21,https://genius.com/Twisted-sister-were-not-gonna-take-it-lyrics,coder_a,1,"We've got the right to choose, and
There ain't no way we'll lose it
This is our life, this is our song
We'll fight the powers that be, just
Don't pick our destiny, 'cause
You don't know us, you don't belong",1,2026-02-22T16:20:14Z
394c5cfbfe3b6d30f98d4f80d46a72da,Hail To The King,Avenged Sevenfold,2013,3,83,https://genius.com/Avenged-sevenfold-hail-to-the-king-lyrics,coder_a,1,"Watch your tongue or have it cut from your head
Save your life by keeping whispers unsaid
Children roam the streets, now orphans of war
Bodies hangin' in the streets to adore",1,2026-02-24T20:44:08Z
394c5cfbfe3b6d30f98d4f80d46a72da,Hail To The King,Avenged Sevenfold,2013,3,83,https://genius.com/Avenged-sevenfold-hail-to-the-king-lyrics,coder_b,1,"Watch your tongue or have it cut from your head
Save your life by keeping whispers unsaid
Children roam the streets, now orphans of war
Bodies hangin' in the streets to adore",1,2026-02-25T10:22:23Z
39592d1514b1da8aeb38679f00ad6f5a,Invisible,Hunter Hayes,2014,12,44,https://genius.com/Hunter-hayes-invisible-lyrics,coder_b,1,"Crowded hallways are the loneliest places
For outcasts and rebels
Or anyone who just dares to be different
And you've been trying for so long
To find out where your place is
But in their narrow minds
There's no room for anyone who dares to do something different
Oh, but listen for a minute",1,2026-02-25T11:13:25Z
39592d1514b1da8aeb38679f00ad6f5a,Invisible,Hunter Hayes,2014,12,44,https://genius.com/Hunter-hayes-invisible-lyrics,coder_a,1,"So your confidence is quiet
To them, quiet looks like weakness
But you don't have to fight it
'Cause you're strong enough to win without a war
Every heart has a rhythm
Let yours beat out so loudly
That everyone can hear it
Yeah, I promise you don't need to hide it anymore
Oh, and never be afraid of doin' something different
Dare to be somethin' more

[Chorus]
Trust the one
Who's been where you are, wishin' all it was sticks and stones
Yeah, the words cut deep, but they don't mean you're all alone
And you're not invisible
Hear me out
There's so much more of this life than what you're feeling now
And someday you'll look back on all these days
And all this pain is gonna be invisible

[Bridge]
These labels that they give you
Just 'cause they don't understand
If you look past this moment
You'll see you've got a friend
Wavin' a flag for who you are
And all you're gonna do
Yeah, so here's to you
And here's to anyone who's ever felt invisible
Yeah
And you're not invisible",0.6,2026-02-26T19:04:12Z
39bda74b5cfee6b2d24ab5a2e73b7859,Honey Don't Leave L.a.,James Taylor,1978,6,61,https://genius.com/James-taylor-honey-dont-leave-la-lyrics,coder_b,0,Song about someone leaving LA to go to France.,1,2026-02-25T08:32:22Z
39bda74b5cfee6b2d24ab5a2e73b7859,Honey Don't Leave L.a.,James Taylor,1978,6,61,https://genius.com/James-taylor-honey-dont-leave-la-lyrics,coder_a,0,love song,1,2026-02-22T16:32:21Z
3a482cc3f5e47a18d99954c4aa2b1aba,Rest In Peace,Extreme,1992,3,96,https://genius.com/Extreme-rest-in-peace-lyrics,coder_a,1,"""Make love, not war""
Sounds so absurd to me
We can't afford
To say these words lightly
Or else our world
Will truly rest in peace

(""Ban the bomb"")",1,2026-02-15T17:51:55Z
3a482cc3f5e47a18d99954c4aa2b1aba,Rest In Peace,Extreme,1992,3,96,https://genius.com/Extreme-rest-in-peace-lyrics,coder_b,1,"""Make love, not war""
Sounds so absurd to me
We can't afford
To say these words lightly
Or else our world
Will truly rest in peace

(""Ban the bomb"")",1,2026-02-17T22:34:10Z
3a5bc54230889b7f7e9ea7ef267df31e,Kerosene,Miranda Lambert,2006,16,61,https://genius.com/Miranda-lambert-kerosene-lyrics,coder_b,1,"Dirty hands ain't made for shakin', ain't a rule that ain't worth breakin'",0.7,2026-02-25T00:25:40Z
3a5bc54230889b7f7e9ea7ef267df31e,Kerosene,Miranda Lambert,2006,16,61,https://genius.com/Miranda-lambert-kerosene-lyrics,coder_a,1,"Forget your high society, I'm soakin' it in kerosene
Light 'em up and watch them burn, teach them what they need to learn; ha!
Dirty hands ain't made for shakin', ain't a rule that ain't worth breakin'
Well, I'm givin' up on love 'cause love's given up on me",1,2026-02-22T15:48:57Z
3addc69ab1d279a985338f0e709cc009,Stick That In Your Country Song,Eric Church,2020,1,92,https://genius.com/Eric-church-stick-that-in-your-country-song-lyrics,coder_a,1,"Take me on up to Detroit City
Jails are full, the factories empty
Mama's crying, young boys dying
Under that red, white, and blue still flying
Drop me off in Baltimore
Where every other window's got a plywood board
Where dreams become drugs and guns
The only way out is to shoot or run",1,2026-02-22T14:30:23Z
3addc69ab1d279a985338f0e709cc009,Stick That In Your Country Song,Eric Church,2020,1,92,https://genius.com/Eric-church-stick-that-in-your-country-song-lyrics,coder_b,1,"Take me on up to Detroit City
Jails are full, the factories empty
Mama's crying, young boys dying
Under that red, white, and blue still flying",1,2026-02-24T23:31:43Z
3bd856b85ea648bc04bd751e4fca48e6,Werewolf,Five Man Electrical Band,1974,8,64,https://genius.com/Five-man-electrical-band-werewolf-lyrics,coder_a,0,About a werewolf,1,2026-02-22T16:14:43Z
3bd856b85ea648bc04bd751e4fca48e6,Werewolf,Five Man Electrical Band,1974,8,64,https://genius.com/Five-man-electrical-band-werewolf-lyrics,coder_b,0,Song about werewolves and killing the persons son.,0.9,2026-02-25T00:50:00Z
3c2bb64d723661bec140ee5c5a212949,Handlebars,Flobots,2008,20,37,https://genius.com/Flobots-handlebars-lyrics,coder_b,1,"Look at me, look at me, driving and I won't stop
And it feels so good to be alive and on top
My reach is global, my tower secure
My cause is noble, my power is pure
I can hand out a million vaccinations
Or let 'em all die in exasperation
Have 'em all healed from their lacerations
Or have 'em all killed by assassination
I can make anybody go to prison
Just because I don't like 'em
And I can do anything with no permission
I have it all under my command because—
And I can end the planet in a holocaust (Ah!)
In a holocaust (Ah!)",1,2026-02-25T11:10:25Z
3c2bb64d723661bec140ee5c5a212949,Handlebars,Flobots,2008,20,37,https://genius.com/Flobots-handlebars-lyrics,coder_a,1,"Look at me, look at me, driving and I won't stop
And it feels so good to be alive and on top
My reach is global, my tower secure
My cause is noble, my power is pure
I can hand out a million vaccinations
Or let 'em all die in exasperation
Have 'em all healed from their lacerations
Or have 'em all killed by assassination
I can make anybody go to prison
Just because I don't like 'em
And I can do anything with no permission
I have it all under my command because—

[Chorus 3]
I can guide a missile by satellite
By satellite, by satellite
And I can hit a target through a telescope
Through a telescope, through a telescope
And I can end the planet in a holocaust (Ah!)
In a holocaust (Ah!)",1,2026-02-26T18:53:20Z
3d29df66f1e1b0198cedbdd12af6d3a6,Ruby; Baby,"Billy ""Crash"" Craddock",1975,9,33,https://genius.com/Billy-crash-craddock-ruby-baby-lyrics,coder_b,0,Song is about loving a girl name Ruby and how it is unrequited.,1,2026-02-14T23:34:46Z
3d29df66f1e1b0198cedbdd12af6d3a6,Ruby; Baby,"Billy ""Crash"" Craddock",1975,9,33,https://genius.com/Billy-crash-craddock-ruby-baby-lyrics,coder_a,0,Love song.,1,2026-02-15T16:54:42Z
3d579747a212ef94bca59f47d85616ff,Cherokee,Europe,1987,10,72,https://genius.com/Europe-cherokee-lyrics,coder_b,1,"They lived in peace, not long ago
A mighty Indian tribe
But the winds of change
Made them realize, that the promises were lies",1,2026-02-24T22:47:28Z
3d579747a212ef94bca59f47d85616ff,Cherokee,Europe,1987,10,72,https://genius.com/Europe-cherokee-lyrics,coder_a,1,"They lived in peace, not long ago
A mighty Indian tribe
But the winds of change
Made them realize, that the promises were lies

[Verse 2]
The white man's greed, in search of gold
Made the nation bleed
They had lost their faith
And now they had to learn
There was no place to return
Nowhere they could turn",1,2026-02-21T14:00:05Z
3e30a9431ecc565be2f26fa2e6189e19,DNA.,Kendrick Lamar,2017,20,4,https://genius.com/Kendrick-lamar-dna-lyrics,coder_b,0,Song about making it in the hip-hop world,0.6,2026-02-18T00:00:19Z
3e30a9431ecc565be2f26fa2e6189e19,DNA.,Kendrick Lamar,2017,20,4,https://genius.com/Kendrick-lamar-dna-lyrics,coder_a,1,"I know murder, conviction, burners, boosters, burglars, ballers, dead Redemption, scholars, fathers dead with kids
And I wish I was fed forgiveness
Yeah, yeah, yeah, yeah, soldier’s DNA (I’m a soldier's DNA)
Born inside the beast, my expertise checked out in second grade
When I was nine, on sale motel, we didn’t have nowhere to stay
At twenty-nine, I've done so well, hit cartwheel in my estate
And I'm gon' shine like I’m supposed to, antisocial extrovert",0.9,2026-02-16T18:20:57Z
3ec0d8a42662eb17aa5c9693da281b69,The Big Money,Rush,1986,14,45,https://genius.com/Rush-the-big-money-lyrics,coder_a,1,"Big money goes around the world
Big money give and take
Big money done a power of good
Big money make mistakes
Big money got a heavy hand
Big money take control
Big money got a mean streak
Big money got no soul",1,2026-02-22T14:18:04Z
3ec0d8a42662eb17aa5c9693da281b69,The Big Money,Rush,1986,14,45,https://genius.com/Rush-the-big-money-lyrics,coder_b,1,"Big money goes around the world
Big money underground
Big money got a mighty voice
Big money make no sound
Big money pull a million strings
Big money hold the prize
Big money weave a mighty web
Big money draw the flies",1,2026-02-24T23:26:24Z
3f0de44ca8431cdbc5ba5a692fd0dc83,Stand Or Fall,The Fixx,1982,8,76,https://genius.com/The-fixx-stand-or-fall-lyrics,coder_b,1,Song mentions foreign affairs and peace. - related to war,1,2026-02-16T22:29:48Z
3f0de44ca8431cdbc5ba5a692fd0dc83,Stand Or Fall,The Fixx,1982,8,76,https://genius.com/The-fixx-stand-or-fall-lyrics,coder_a,1,"While foreign affairs are screwing rotten
Line morale has hit rock bottom
Dying embers stand forgotten
And talks of peace were being trodden",1,2026-02-15T17:05:05Z
3f1193183ea2189b113cee6cd06d8f13,I'm Happy That Love Has Found You,Jimmy Hall,1980,17,27,https://genius.com/Jimmy-hall-im-happy-that-love-has-found-you-lyrics,coder_b,0,Song is about finding love.,1,2026-02-14T22:46:22Z
3f1193183ea2189b113cee6cd06d8f13,I'm Happy That Love Has Found You,Jimmy Hall,1980,17,27,https://genius.com/Jimmy-hall-im-happy-that-love-has-found-you-lyrics,coder_a,0,Purely love song no political discussion.,1,2026-02-15T16:22:47Z
3f30ebcae06caca2fa73876a54c0a1b9,Miller's Cave,Bobby Bare,1964,7,33,https://genius.com/Bobby-bare-millers-cave-lyrics,coder_b,0,Song about love and revenge.,0.8,2026-02-24T09:48:11Z
3f30ebcae06caca2fa73876a54c0a1b9,Miller's Cave,Bobby Bare,1964,7,33,https://genius.com/Bobby-bare-millers-cave-lyrics,coder_a,0,About cheating and murder,1,2026-02-21T13:05:59Z
3f70be5b1ecd57527b3379ec0bf52d10,This Is War,Thirty Seconds To Mars,2009,1,72,https://genius.com/Thirty-seconds-to-mars-this-is-war-lyrics,coder_a,1,"A warning to the people
The good and the evil
This is war
To the soldier, the civilian
The martyr, the victim
This is war",1,2026-02-24T20:54:38Z
3f70be5b1ecd57527b3379ec0bf52d10,This Is War,Thirty Seconds To Mars,2009,1,72,https://genius.com/Thirty-seconds-to-mars-this-is-war-lyrics,coder_b,1,"A warning to the people
The good and the evil
This is war
To the soldier, the civilian
The martyr, the victim
This is war",1,2026-02-25T10:28:25Z
407eea6fa385259907bae34879e80195,Rumor,Lee Brice,2019,20,25,https://genius.com/Lee-brice-rumor-lyrics,coder_a,0,Country love song.,1,2026-02-15T16:26:28Z
407eea6fa385259907bae34879e80195,Rumor,Lee Brice,2019,20,25,https://genius.com/Lee-brice-rumor-lyrics,coder_b,0,Song is about a rumour going around about a guy liking a girl. Not political as such.,1,2026-02-14T22:49:09Z
40bf0699f50d9a2d7b26b2e193b9b4df,False God,Taylor Swift,2019,1,77,https://genius.com/Taylor-swift-false-god-lyrics,coder_a,0,love song,1,2026-02-24T20:32:24Z
40bf0699f50d9a2d7b26b2e193b9b4df,False God,Taylor Swift,2019,1,77,https://genius.com/Taylor-swift-false-god-lyrics,coder_b,0,Song about relationships,1,2026-02-25T10:11:04Z
410839d290ce198428068f17c168e5e8,Signs,Five Man Electrical Band,1971,18,3,https://genius.com/Five-man-electrical-band-signs-lyrics,coder_a,1,"And the sign said
""Long-haired freaky people
Need not apply""
So I tucked my hair up under my hat
And I went in to ask him why
He said, ""You look like a fine, upstanding young man
I think you'll do""
So I took off my hat, I said ""Imagine that
Huh! Me workin' for you!""
Whoa-oh-oh",1,2026-02-22T15:33:40Z
410839d290ce198428068f17c168e5e8,Signs,Five Man Electrical Band,1971,18,3,https://genius.com/Five-man-electrical-band-signs-lyrics,coder_b,1,"""Anybody caught trespassing
Would be shot on sight""
So I jumped on the fence and I yelled at the house
""Hey! What gives you the right
To put up a fence to keep me out
Or to keep Mother Nature in?
If God was here he'd tell you to your face",1,2026-02-25T00:16:31Z
41532cae846b88ba26b468b9f675b05e,An American Trilogy,Mickey Newbury,1971,11,26,https://genius.com/Mickey-newbury-an-american-trilogy-lyrics,coder_b,1,"Oh I wish I was in Dixie, away, away
In Dixieland I take my stand to live and die in Dixie
So hush little children, don't you cry
You know your daddy's bound to die
But all my trials, Lord
Soon be over",1,2026-02-25T11:06:15Z
41532cae846b88ba26b468b9f675b05e,An American Trilogy,Mickey Newbury,1971,11,26,https://genius.com/Mickey-newbury-an-american-trilogy-lyrics,coder_a,1,"Oh I wish I was in Dixie, away, away
In Dixieland I take my stand to live and die in Dixie

'Cause Dixieland, that's where I was born
Early Lord one frosty morning
Look away, look away, look away Dixieland

Glory, glory hallelujah
Glory, glory hallelujah
Glory, glory hallelujah
His truth is marching on

So hush little children, don't you cry
You know your daddy's bound to die
But all my trials, Lord
Soon be over",0.8,2026-02-26T18:31:29Z
41ccda529a1238f64462cd430781ac4f,Apeman,The Kinks,1971,9,45,https://genius.com/The-kinks-apeman-lyrics,coder_b,1,"I think I'm so educated and I'm so civilized
'Cause I'm a strict vegetarian
But with the over-population and inflation and starvation
And the crazy politicians
I don't feel safe in this world no more
I don't want to die in a nuclear war
I want to sail away to a distant shore and make like an ape man",1,2026-02-25T08:54:33Z
41ccda529a1238f64462cd430781ac4f,Apeman,The Kinks,1971,9,45,https://genius.com/The-kinks-apeman-lyrics,coder_a,1,"I think I'm sophisticated
'Cause I'm living my life like a good homo sapien
But all around me everybody's multiplying
'Til they're walking round like flies man
So I'm no better than the animals sitting
In their cages in the zoo man
'Cause compared to the flowers and the birds and the trees
I am an apeman

[Verse 2]
I think I'm so educated and I'm so civilized
'Cause I'm a strict vegetarian
But with the over-population and inflation and starvation
And the crazy politicians
I don't feel safe in this world no more
I don't want to die in a nuclear war",1,2026-02-22T17:09:14Z
41e6277b9ddc981efc82b0f55c1833d9,Psycho,Bobby Hendricks,1960,4,73,https://genius.com/Bobby-hendricks-psycho-lyrics,coder_a,0,love song,1,2026-02-16T18:21:14Z
41e6277b9ddc981efc82b0f55c1833d9,Psycho,Bobby Hendricks,1960,4,73,https://genius.com/Bobby-hendricks-psycho-lyrics,coder_b,0,Song is about being crazy in love,1,2026-02-18T00:00:38Z
420c1620d8e36c2dcc8ce4e1057776e2,Wrapped Up In You,Garth Brooks,2001,20,46,https://genius.com/Garth-brooks-wrapped-up-in-you-lyrics,coder_a,0,love song,1,2026-02-21T14:50:56Z
420c1620d8e36c2dcc8ce4e1057776e2,Wrapped Up In You,Garth Brooks,2001,20,46,https://genius.com/Garth-brooks-wrapped-up-in-you-lyrics,coder_b,0,Song about love,1,2026-02-24T23:20:37Z
421c22fc9008017bd3af65bed2fae29c,Both Sides Of The Story,Phil Collins,1993,17,25,https://genius.com/Phil-collins-both-sides-of-the-story-lyrics,coder_a,1,"Find yourself in the gutter
In a lonely part of town
Where death waits in the darkness
With a weapon to cut some stranger down
Sleeping with an empty bottle
He's a sad and an empty hearted man
All he needs is a job, and a little respect
So he can get out while he can

[Refrain]
We always need to hear both sides of the story
Both sides of the story",1,2026-02-23T19:04:08Z
421c22fc9008017bd3af65bed2fae29c,Both Sides Of The Story,Phil Collins,1993,17,25,https://genius.com/Phil-collins-both-sides-of-the-story-lyrics,coder_b,1,"And the lights are all on
The world is watching now
People looking for truth
We must not fail them now
Be sure, before we close our eyes
Don't walk away from here
Until you hear both sides",1,2026-02-25T09:19:20Z
42eaf76fcb77222593ac5152b6f4afd6,Favorite Waste Of Time,Bette Midler,1983,4,78,https://genius.com/Bette-midler-favorite-waste-of-time-lyrics,coder_b,0,Song about love and relationships,1,2026-02-25T09:15:25Z
42eaf76fcb77222593ac5152b6f4afd6,Favorite Waste Of Time,Bette Midler,1983,4,78,https://genius.com/Bette-midler-favorite-waste-of-time-lyrics,coder_a,0,love song,1,2026-02-23T18:52:31Z
432a140e75d5dc3340840398e34f97b3,Voice Of Freedom,Jim Kirk And The Tm Singers,1980,3,71,https://genius.com/Jim-kirk-and-the-tm-singers-voice-of-freedom-lyrics,coder_b,1,"I want a world where kids can play
And there's plenty of food to eat

I want a world where I can speak
And know that I'll be free
I want a world just like America
Like the USA
Cause even though perfect it's not
It's the best thing this world's got",1,2026-02-25T12:03:56Z
432a140e75d5dc3340840398e34f97b3,Voice Of Freedom,Jim Kirk And The Tm Singers,1980,3,71,https://genius.com/Jim-kirk-and-the-tm-singers-voice-of-freedom-lyrics,coder_a,1,"I want a world where kids can play
And there's plenty of food to eat

I want a world where I can speak
And know that I'll be free

I want a world that's full of love
Where kids are taught that God's above

I want a world that doesn't waste
So when we're moms and dads it's still a beautiful place

I want a world just like America
Like the USA
Cause even though perfect it's not
It's the best thing this world's got",1,2026-03-02T17:53:19Z
43595e471cf2b8026e1aa7eedca145f7,Finesse,Drake,2018,2,42,https://genius.com/Drake-finesse-lyrics,coder_b,0,Song about a girl,1,2026-02-17T23:24:14Z
43595e471cf2b8026e1aa7eedca145f7,Finesse,Drake,2018,2,42,https://genius.com/Drake-finesse-lyrics,coder_a,0,love song,1,2026-02-16T18:15:15Z
4388b87a8dab02b19b33d19ac2c104aa,The Night They Drove Old Dixie Down,Joan Baez,1971,15,3,https://genius.com/Joan-baez-the-night-they-drove-old-dixie-down-lyrics,coder_b,1,"Like my father before me, I'm a working man
And like my brother before me, I took a rebel stand
Oh, he was just eighteen, proud and brave
But a yankee laid him in his grave
I swear by the blood below my feet
You can't raise a Caine back up when he's in defeat",1,2026-02-25T10:27:20Z
4388b87a8dab02b19b33d19ac2c104aa,The Night They Drove Old Dixie Down,Joan Baez,1971,15,3,https://genius.com/Joan-baez-the-night-they-drove-old-dixie-down-lyrics,coder_a,1,"Like my father before me, I'm a working man
And like my brother before me, I took a rebel stand
Oh, he was just eighteen, proud and brave
But a yankee laid him in his grave
I swear by the blood below my feet
You can't raise a Caine back up when he's in defeat",1,2026-02-24T20:53:31Z
438cf94c3bf1e26bf34a5cc4467ae759,Finder's Keepers,Chairman Of The Board,1973,9,59,https://genius.com/Chairmen-of-the-board-finders-keepers-lyrics,coder_a,0,love song,1,2026-02-21T12:13:07Z
438cf94c3bf1e26bf34a5cc4467ae759,Finder's Keepers,Chairman Of The Board,1973,9,59,https://genius.com/Chairmen-of-the-board-finders-keepers-lyrics,coder_b,0,Song about love,1,2026-02-22T23:57:34Z
43ba485d2d3b11a77fe9b3b8d3e70b34,You Can't Sit Down,The Dovells,1963,14,3,https://genius.com/The-dovells-you-cant-sit-down-lyrics,coder_b,0,Song about dancing,1,2026-02-25T00:09:07Z
43ba485d2d3b11a77fe9b3b8d3e70b34,You Can't Sit Down,The Dovells,1963,14,3,https://genius.com/The-dovells-you-cant-sit-down-lyrics,coder_a,0,about dancing,1,2026-02-22T15:18:17Z
43daa816352cdac62b16f428c77fe4cb,Brother's Gonna Work It Out,Willie Hutch,1973,10,67,https://genius.com/Willie-hutch-brothers-gonna-work-it-out-lyrics,coder_b,1,"Ah – we must all join hands (Brother's gonna work it out)
We can march across this land in peace",1,2026-02-18T23:09:37Z
43daa816352cdac62b16f428c77fe4cb,Brother's Gonna Work It Out,Willie Hutch,1973,10,67,https://genius.com/Willie-hutch-brothers-gonna-work-it-out-lyrics,coder_a,1,"Ah, brothers – sing
Stop the pimps, the hustler, the pusher man
As fast you can
Open your ears and eyes to the facts
Of what's truly holding you back",1,2026-02-16T18:28:11Z
43e8cf77fba4bea4a26b7de5d358598d,If I Ever Lose My Faith In You,Sting,1993,20,17,https://genius.com/Sting-if-i-ever-lose-my-faith-in-you-lyrics,coder_b,1,"You would say I lost my belief in our politicians
They all seem like game show hosts to me

 never saw no military solution
That didn't always end up as something worse but",1,2026-02-17T23:56:52Z
43e8cf77fba4bea4a26b7de5d358598d,If I Ever Lose My Faith In You,Sting,1993,20,17,https://genius.com/Sting-if-i-ever-lose-my-faith-in-you-lyrics,coder_a,1,"More of a love song, but this lyric is political: ""Some would say I was a lost man in a lost world
You could say I lost my faith in the people on TV
You would say I lost my belief in our politicians
They all seem like game show hosts to me""",0.6,2026-02-16T18:18:35Z
44249d6171eda7d517efbaeb171d0b98,Sweet Surrender,Sarah McLachlan,1998,14,28,https://genius.com/Sarah-mclachlan-sweet-surrender-lyrics,coder_b,0,Song about a relationship,1,2026-02-25T08:46:09Z
44249d6171eda7d517efbaeb171d0b98,Sweet Surrender,Sarah McLachlan,1998,14,28,https://genius.com/Sarah-mclachlan-sweet-surrender-lyrics,coder_a,0,love song,1,2026-02-22T16:51:01Z
4447e40f2c57b563b17413de9a617f59,At My Front Door,Dee Clark,1960,7,56,https://genius.com/Dee-clark-at-my-front-door-lyrics,coder_b,0,Song about a women knocking on a door.,1,2026-02-24T22:37:46Z
4447e40f2c57b563b17413de9a617f59,At My Front Door,Dee Clark,1960,7,56,https://genius.com/Dee-clark-at-my-front-door-lyrics,coder_a,0,love song,1,2026-02-21T13:45:24Z
45539f72fd547cc438ff6101ecd5500b,Call Me,Johnny Mathis,1958,15,21,https://genius.com/Johnny-mathis-call-me-lyrics,coder_b,0,Song is about a relationship and being there for one another,1,2026-02-16T22:23:59Z
45539f72fd547cc438ff6101ecd5500b,Call Me,Johnny Mathis,1958,15,21,https://genius.com/Johnny-mathis-call-me-lyrics,coder_a,0,Love song,1,2026-02-15T17:01:47Z
459cc98be4c218b71aa7fdbd98a80bc7,Puff Of Smoke,Roy Head,1971,1,96,https://genius.com/Roy-head-puff-of-smoke-lyrics,coder_a,1,"Polluted  match
Polluted air
Keep on moving but getting nowhere
Won't  nobody listen to the cold-hard facts
Water's  bad
Trees are gone
Ain't  no place to sing our song
Looks like everybody's just blind as bats",1,2026-02-22T15:51:34Z
459cc98be4c218b71aa7fdbd98a80bc7,Puff Of Smoke,Roy Head,1971,1,96,https://genius.com/Roy-head-puff-of-smoke-lyrics,coder_b,1,"Polluted  match
Polluted air
Keep on moving but getting nowhere
Won't  nobody listen to the cold-hard facts
Water's  bad
Trees are gone
Ain't  no place to sing our song
Looks like everybody's just blind as bats",1,2026-02-25T00:28:09Z
46662ce9b8df54eb07685f5070765a1d,Somewhere With You,Kenny Chesney,2011,20,31,https://genius.com/Kenny-chesney-somewhere-with-you-lyrics,coder_b,0,Song about love and relationships,1,2026-02-25T11:02:40Z
46662ce9b8df54eb07685f5070765a1d,Somewhere With You,Kenny Chesney,2011,20,31,https://genius.com/Kenny-chesney-somewhere-with-you-lyrics,coder_a,0,love song,1,2026-02-26T18:20:15Z
46d1959fba1527aee8a32d8d72fd9681,You Won't See Me Cry,Wilson Phillips,1992,16,20,https://genius.com/Wilson-phillips-you-wont-see-me-cry-lyrics,coder_b,0,Song about heartbreak,1,2026-02-25T00:47:16Z
46d1959fba1527aee8a32d8d72fd9681,You Won't See Me Cry,Wilson Phillips,1992,16,20,https://genius.com/Wilson-phillips-you-wont-see-me-cry-lyrics,coder_a,0,love song,1,2026-02-22T16:06:36Z
46d4fc1ac99476d205b273da105d2056,If I Can Dream,Elvis Presley,1969,13,12,https://genius.com/Elvis-presley-if-i-can-dream-lyrics,coder_a,1,"There must be lights burning brighter somewhere
Got to be birds flying higher in a sky more blue
If I can dream of a better land, where all my brothers walk hand in hand
Tell me why, oh why, oh why can't my dream come true? Oh, why?",0.9,2026-02-24T20:59:57Z
46d4fc1ac99476d205b273da105d2056,If I Can Dream,Elvis Presley,1969,13,12,https://genius.com/Elvis-presley-if-i-can-dream-lyrics,coder_b,1,"There must be peace and understanding sometime
Strong wind of promise that will blow away the doubt and fear
If I can dream of a warmer sun, where hope keeps shining on everyone
Tell me why, oh why, oh why won't that sun appear?",1,2026-02-25T10:32:28Z
4789e7e183933cc9d105d7f339009e8b,Tres Delinquentes,Delinquent Habits,1996,20,35,https://genius.com/Delinquent-habits-tres-delinquentes-lyrics,coder_b,1,"calmate escucha
Somos delinquentes tu no quieres lucha",0.6,2026-02-25T00:25:03Z
4789e7e183933cc9d105d7f339009e8b,Tres Delinquentes,Delinquent Habits,1996,20,35,https://genius.com/Delinquent-habits-tres-delinquentes-lyrics,coder_a,0,about partying,0.7,2026-02-22T15:48:15Z
47940e1daacd95c4a0da9511ac5180f3,In The Midnight Hour,Samantha Sang,1979,2,88,https://genius.com/Samantha-sang-in-the-midnight-hour-lyrics,coder_a,0,love song,1,2026-02-22T14:28:10Z
47940e1daacd95c4a0da9511ac5180f3,In The Midnight Hour,Samantha Sang,1979,2,88,https://genius.com/Samantha-sang-in-the-midnight-hour-lyrics,coder_b,0,Song about love and relationships,1,2026-02-24T23:30:39Z
47b53b0e7a8db84cd165c1e9ccedbd59,To Make You Feel My Love,Billy Joel,1997,9,50,https://genius.com/Billy-joel-to-make-you-feel-my-love-lyrics,coder_a,0,love song,0.8,2026-02-26T18:30:45Z
47b53b0e7a8db84cd165c1e9ccedbd59,To Make You Feel My Love,Billy Joel,1997,9,50,https://genius.com/Billy-joel-to-make-you-feel-my-love-lyrics,coder_b,0,Song about love,1,2026-02-25T11:05:54Z
47cf17541ab71c3493469427268614c4,I'm Not Gonna Miss You,Glen Campbell,2014,1,90,https://genius.com/Glen-campbell-im-not-gonna-miss-you-lyrics,coder_a,0,Love song,1,2026-02-15T17:28:18Z
47cf17541ab71c3493469427268614c4,I'm Not Gonna Miss You,Glen Campbell,2014,1,90,https://genius.com/Glen-campbell-im-not-gonna-miss-you-lyrics,coder_b,0,Song is about missing someone,1,2026-02-16T23:33:48Z
4893dc5ce300c3d82e744d15cb5eccd6,On My Mind,Ellie Goulding,2015,22,13,https://genius.com/Ellie-goulding-on-my-mind-lyrics,coder_a,0,love song,1,2026-02-24T20:33:32Z
4893dc5ce300c3d82e744d15cb5eccd6,On My Mind,Ellie Goulding,2015,22,13,https://genius.com/Ellie-goulding-on-my-mind-lyrics,coder_b,0,Song about love,1,2026-02-25T10:11:21Z
48eccac6ff5e65edc88269e7c9c1bbfc,Redneck Crazy,Tyler Farr,2013,20,29,https://genius.com/Tyler-farr-redneck-crazy-lyrics,coder_b,0,Song about a relationship,1,2026-02-25T10:55:58Z
48eccac6ff5e65edc88269e7c9c1bbfc,Redneck Crazy,Tyler Farr,2013,20,29,https://genius.com/Tyler-farr-redneck-crazy-lyrics,coder_a,0,"slightly political tone with 'redneck' messaging, but ultimately just a love song",0.7,2026-02-26T17:51:09Z
48fd16c3c5256c732ae0ef6229a575e2,What Will I Do,Timmy T.,1990,4,96,https://genius.com/Timmy-t-what-will-i-do-lyrics,coder_a,0,love song,1,2026-02-21T12:08:22Z
48fd16c3c5256c732ae0ef6229a575e2,What Will I Do,Timmy T.,1990,4,96,https://genius.com/Timmy-t-what-will-i-do-lyrics,coder_b,0,Song about love,1,2026-02-22T23:45:28Z
4a6a195ebbfcd740e67cf1507f8b25c3,Come Again,Damn Yankees,1991,10,50,https://genius.com/Damn-yankees-come-again-lyrics,coder_a,0,love song,1,2026-02-24T20:16:35Z
4a6a195ebbfcd740e67cf1507f8b25c3,Come Again,Damn Yankees,1991,10,50,https://genius.com/Damn-yankees-come-again-lyrics,coder_b,0,song about falling in love,1,2026-02-25T09:24:31Z
4acc264ef4c366e60b0e7c58193dd7b6,Woodstock,Matthews' Southern Comfort,1971,16,23,https://genius.com/Matthews-southern-comfort-woodstock-lyrics,coder_a,1,"By the time I got to Woodstock
They were half a million strong
Everywhere there were songs and celebration
And I dreamed I saw the bombers
Riding shotgun in the sky
Turning into butterflies
Above our nation",1,2026-02-26T19:01:08Z
4acc264ef4c366e60b0e7c58193dd7b6,Woodstock,Matthews' Southern Comfort,1971,16,23,https://genius.com/Matthews-southern-comfort-woodstock-lyrics,coder_b,1,"By the time I got to Woodstock
They were half a million strong
Everywhere there were songs and celebration
And I dreamed I saw the bombers
Riding shotgun in the sky
Turning into butterflies
Above our nation",0.6,2026-02-25T11:12:57Z
4c0e19c2c5b0471a023cfded32f725cf,Rude,MAGIC!,2014,41,1,https://genius.com/Magic-rude-lyrics,coder_b,0,Song about trying to get a parents permission to marry,1,2026-02-25T10:12:07Z
4c0e19c2c5b0471a023cfded32f725cf,Rude,MAGIC!,2014,41,1,https://genius.com/Magic-rude-lyrics,coder_a,0,love song,1,2026-02-24T20:34:25Z
4c6c522a063b090a128ebbf9ecaca38a,Don't Tell Me Your Troubles,Don Gibson,1959,3,85,https://genius.com/Don-gibson-dont-tell-me-your-troubles-lyrics,coder_b,0,Song is about a lonely person seeking comfort. Not political,1,2026-02-14T23:32:38Z
4c6c522a063b090a128ebbf9ecaca38a,Don't Tell Me Your Troubles,Don Gibson,1959,3,85,https://genius.com/Don-gibson-dont-tell-me-your-troubles-lyrics,coder_a,0,Love song.,0.9,2026-02-15T16:53:02Z
4ca1d3f90234742a44c89216c26fb804,Celebrate Youth,Rick Springfield,1985,11,26,https://genius.com/Rick-springfield-celebrate-youth-lyrics,coder_b,1,"Looking in a child's face
There's no pride and no disgrace
There's no struggle, there's no fight
Looking in a child's eye
There's no hate and there's no lie
There's no black and there's no white",1,2026-02-24T23:40:30Z
4ca1d3f90234742a44c89216c26fb804,Celebrate Youth,Rick Springfield,1985,11,26,https://genius.com/Rick-springfield-celebrate-youth-lyrics,coder_a,1,"So celebrate youth (Celebrate)
Those who have it (Young ones)
Celebrate youth (Celebrate)
Give them sight
The future of the world (Celebrate)
Hands of children (Young ones)
So celebrate youth (Celebrate)
Teach them right",0.7,2026-02-22T14:44:35Z
4d62cf50841759c28cbd2f83871185b9,Chief Rocka,Lords Of The Underground,1993,20,55,https://genius.com/Lords-of-the-underground-chief-rocka-lyrics,coder_a,0,love song,1,2026-02-23T19:06:01Z
4d62cf50841759c28cbd2f83871185b9,Chief Rocka,Lords Of The Underground,1993,20,55,https://genius.com/Lords-of-the-underground-chief-rocka-lyrics,coder_b,0,Song about being number 1,1,2026-02-25T09:20:41Z
4db7a1f242c84ef3a609270e742dee5f,Brainwashed,Tom MacDonald,2021,1,89,https://genius.com/Tom-macdonald-brainwashed-lyrics,coder_a,1,"Covid-era politics, with big republican themes.",1,2026-03-02T17:46:09Z
4db7a1f242c84ef3a609270e742dee5f,Brainwashed,Tom MacDonald,2021,1,89,https://genius.com/Tom-macdonald-brainwashed-lyrics,coder_b,1,"Half the country fell asleep, but they scream ""woke""
We're distracted by vaccines and TV shows
Politics, celebrity gossip, popular neat quotes
Black lives, white lives, which lives mean most?
We only dedicate one day to remember our fallen soldiers
The men and women who died young
But if you come out the closet as Caitlyn Jenner
You're a hero and you get a whole pride month",1,2026-02-25T11:52:30Z
4eb8e81572064981624ed05ad2e91d17,Treat Her Like A Lady,The Temptations,1985,14,48,https://genius.com/The-temptations-treat-her-like-a-lady-lyrics,coder_a,1,"Mainly a love song, but this section has political themes surrounding suffrage: In this world of liberation
It's so easy to forget, mmm
That it's so nice to have a man around
To lend a helping hand, you can bet, bet you can, baby",0.7,2026-02-21T12:51:57Z
4eb8e81572064981624ed05ad2e91d17,Treat Her Like A Lady,The Temptations,1985,14,48,https://genius.com/The-temptations-treat-her-like-a-lady-lyrics,coder_b,0,Song is about a relationship.,1,2026-02-24T09:29:03Z
4ec50848d8b801a3b9d366b89b2c8709,Funhouse,P!nk,2009,13,44,https://genius.com/P-nk-funhouse-lyrics,coder_b,0,"Song about a funhouse, clowns and escaping",1,2026-02-24T22:54:32Z
4ec50848d8b801a3b9d366b89b2c8709,Funhouse,P!nk,2009,13,44,https://genius.com/P-nk-funhouse-lyrics,coder_a,0,about a toxic relationship,0.9,2026-02-21T14:18:51Z
4ee1ad3d2c5b4e4cb0e5fcc09efc3c09,Allentown,Billy Joel,1983,22,17,https://genius.com/Billy-joel-allentown-lyrics,coder_a,1,"Well, we're living here in Allentown
And they're closing all the factories down
Out in Bethlehem, they're killing time
Filling out forms, standing in line
Well, our fathers fought the Second World War
Spent their weekends on the Jersey Shore
Met our mothers at the USO
Asked them to dance, danced with them slow",1,2026-02-21T12:37:01Z
4ee1ad3d2c5b4e4cb0e5fcc09efc3c09,Allentown,Billy Joel,1983,22,17,https://genius.com/Billy-joel-allentown-lyrics,coder_b,1,"Well, we're living here in Allentown
And they're closing all the factories down
Out in Bethlehem, they're killing time
Filling out forms, standing in line
Well, our fathers fought the Second World War
Spent their weekends on the Jersey Shore
Met our mothers at the USO
Asked them to dance, danced with them slow",1,2026-02-24T08:39:54Z
4f06ffb17139d1e0dc3730a63a992e21,The Black-Eyed Boys,Paper Lace,1974,9,41,https://genius.com/Paper-lace-the-black-eyed-boys-lyrics,coder_a,0,About a motorcycle gang/band,0.6,2026-02-16T18:32:10Z
4f06ffb17139d1e0dc3730a63a992e21,The Black-Eyed Boys,Paper Lace,1974,9,41,https://genius.com/Paper-lace-the-black-eyed-boys-lyrics,coder_b,0,Song about a band and black-eyed boys.,0.8,2026-02-22T23:39:48Z
4f09a08077d8735275be0b2faf6c2748,Chained To The Rhythm,Katy Perry Featuring Skip Marley,2017,15,4,https://genius.com/Katy-perry-chained-to-the-rhythm-lyrics,coder_b,1,"Living our lives through a lens
Trapped in our white picket fence
Like ornaments 
Are we tone deaf?
Keep sweeping it under the mat
Thought we could do better than that
I hope we can
So comfortable, we're living in a bubble, bubble
So comfortable, we cannot see the trouble, trouble

Song is about being unaware and hiding information/events

They stumbling and fumbling and we about to riot",1,2026-02-17T21:54:41Z
4f09a08077d8735275be0b2faf6c2748,Chained To The Rhythm,Katy Perry Featuring Skip Marley,2017,15,4,https://genius.com/Katy-perry-chained-to-the-rhythm-lyrics,coder_a,1,"Are we crazy?
Living our lives through a lens
Trapped in our white picket fence
Like ornaments
So comfortable, we're living in a bubble, bubble
So comfortable, we cannot see the trouble, trouble
Aren't you lonely
Up there in utopia
Where nothing will ever be enough?
Happily numb",1,2026-02-15T17:39:35Z
4f5dfcc92e9634225fd60c54ecd188b1,Juke Box Saturday Night,Nino & The Ebb Tides,1961,5,57,https://genius.com/Nino-and-the-ebb-tides-juke-box-saturday-night-lyrics,coder_b,0,Song about partying.,1,2026-02-25T09:01:22Z
4f5dfcc92e9634225fd60c54ecd188b1,Juke Box Saturday Night,Nino & The Ebb Tides,1961,5,57,https://genius.com/Nino-and-the-ebb-tides-juke-box-saturday-night-lyrics,coder_a,0,About dancing on saturday night,1,2026-02-23T18:13:56Z
50408473865c5179138e308e100c3f95,God Bless The USA,Lee Greenwood,2001,17,16,https://genius.com/Lee-greenwood-god-bless-the-usa-2003-lyrics,coder_a,1,"And I'm proud to be an American
Where at least I know I'm free
And I won't forget the men who died
Who gave that right to me
And I'd gladly stand up
Next to you and defend her still today
'Cause there ain't no doubt I love this land
God bless the USA",1,2026-02-22T16:00:03Z
50408473865c5179138e308e100c3f95,God Bless The USA,Lee Greenwood,2001,17,16,https://genius.com/Lee-greenwood-god-bless-the-usa-2003-lyrics,coder_b,1,"Cause the flag still stands for freedom
And they can't take that away

And I'm proud to be an American
Where at least I know I'm free
And I won't forget the men who died
Who gave that right to me
And I'd gladly stand up
Next to you and defend her still today
'Cause there ain't no doubt I love this land
God bless the USA",1,2026-02-25T00:45:17Z
50a7e16014739362a950f4f32df2fcae,Darling Be Home Soon,Bobby Darin,1967,2,93,https://genius.com/Bobby-darin-darling-be-home-soon-lyrics,coder_b,0,Song about a relationship and wanting to be home soon.,1,2026-02-24T23:05:10Z
50a7e16014739362a950f4f32df2fcae,Darling Be Home Soon,Bobby Darin,1967,2,93,https://genius.com/Bobby-darin-darling-be-home-soon-lyrics,coder_a,0,love song,1,2026-02-21T14:36:37Z
50d18301bf825d4253cafb3d3d8a4408,Black Seeds Keep On Growing,The Main Ingredient,1971,3,97,https://genius.com/The-main-ingredient-black-seeds-keep-on-growing-lyrics,coder_b,1,"Speak, drums, tell the real story
For the people who would condemn, in slavery time, their brothers and sisters for being ignorant
Listen to the story the drums tell
They say: You, black man
Should love those brothers and sisters, even in death
Because their valiant struggle for life, made you what you are today
So keep on growing, for them
In mind, in body, and in soul",1,2026-02-25T11:06:36Z
50d18301bf825d4253cafb3d3d8a4408,Black Seeds Keep On Growing,The Main Ingredient,1971,3,97,https://genius.com/The-main-ingredient-black-seeds-keep-on-growing-lyrics,coder_a,1,"Speak, drums, tell the real story
For the people who would condemn, in slavery time, their brothers and sisters for being ignorant
Listen to the story the drums tell
They say: You, black man
Should love those brothers and sisters, even in death
Because their valiant struggle for life, made you what you are today
So keep on growing, for them
In mind, in body, and in soul",1,2026-02-26T18:32:49Z
50dfb5f7d078ba0eb57835ec5762cb2d,All She Wants to Do Is Dance,Don Henley,1985,19,9,https://genius.com/Don-henley-all-she-wants-to-do-is-dance-lyrics,coder_b,1,"They're pickin' up the prisoners
And putting 'em in a pen
And all she wants to do is dance, dance
Rebels been rebels
Since I don't know when
And all she wants to do is dance

[Verse 2]
Molotov cocktail
The local drink
Well the government bugged the men's room",1,2026-02-25T11:04:41Z
50dfb5f7d078ba0eb57835ec5762cb2d,All She Wants to Do Is Dance,Don Henley,1985,19,9,https://genius.com/Don-henley-all-she-wants-to-do-is-dance-lyrics,coder_a,1,"They're pickin' up the prisoners
And putting 'em in a pen
And all she wants to do is dance, dance
Rebels been rebels
Since I don't know when
And all she wants to do is dance

[Verse 2]
Molotov cocktail
The local drink
And all she wants to do is dance, dance
They mix 'em up right
In the kitchen sink
And all she wants to do is dance",1,2026-02-26T18:27:08Z
514c5ec6673a43cde5893aa11074cc5d,I'm A Fool For You,James Carr,1967,3,97,https://genius.com/James-carr-im-a-fool-for-you-lyrics,coder_a,0,love song,1,2026-02-22T16:50:03Z
514c5ec6673a43cde5893aa11074cc5d,I'm A Fool For You,James Carr,1967,3,97,https://genius.com/James-carr-im-a-fool-for-you-lyrics,coder_b,0,Song about love,1,2026-02-25T08:44:32Z
51dc24ed96b09190b0efbe3a8bf41b2a,Wings Of The Morning,Capleton,1995,10,79,https://genius.com/Capleton-wings-of-the-morning-lyrics,coder_a,1,"A long time he a tell you bout the dirty slavery
A long time he a tell you bout di brutality
A long time he a tell you bout di H.I.M. prophecied
Me warn you bout recent monarchy
Me warn you all about the Black liberty
Me warn you all bout we equality
Me warn you all bout Marcus Garvey
We beg you have fi love His Majesty",1,2026-02-21T14:46:34Z
51dc24ed96b09190b0efbe3a8bf41b2a,Wings Of The Morning,Capleton,1995,10,79,https://genius.com/Capleton-wings-of-the-morning-lyrics,coder_b,1,"A long time he a tell you bout the dirty slavery
A long time he a tell you bout di brutality
A long time he a tell you bout di H.I.M. prophecied
Me warn you bout recent monarchy
Me warn you all about the Black liberty",1,2026-02-24T23:13:59Z
520d77cfdf9bfbfc4aa6402db2a5a71e,Just Because,Anita Baker,1989,16,14,https://genius.com/Anita-baker-just-because-lyrics,coder_a,0,love song,1,2026-03-02T18:14:13Z
520d77cfdf9bfbfc4aa6402db2a5a71e,Just Because,Anita Baker,1989,16,14,https://genius.com/Anita-baker-just-because-lyrics,coder_b,0,A song about love,1,2026-02-25T12:14:13Z
5219ca81bf9673b9b001c67047165beb,Our Lips Are Sealed,Go-Go's,1981,30,20,https://genius.com/The-go-gos-our-lips-are-sealed-lyrics,coder_b,1,"There's a weapon
That we must use
In our defense
Silence
When you look at them
Look right through them
That's when they'll disappear
That's when we'll be feared",1,2026-02-25T09:25:31Z
5219ca81bf9673b9b001c67047165beb,Our Lips Are Sealed,Go-Go's,1981,30,20,https://genius.com/The-go-gos-our-lips-are-sealed-lyrics,coder_a,0,"love song, though this part is a bit political: There's a weapon
That we must use
In our defense",0.7,2026-02-24T20:18:55Z
5219e81fa04172f02826a8c4e3271969,Russians,Sting,1986,13,16,https://genius.com/Sting-russians-lyrics,coder_a,1,"In Europe and America
There's a growing feeling of hysteria
Conditioned to respond to all the threats
In the rhetorical speeches of the Soviets
Mr. Khrushchev said, ""We will bury you""
I don't subscribe to this point of view
It would be such an ignorant thing to do
If the Russians love their children too",1,2026-02-26T17:47:41Z
5219e81fa04172f02826a8c4e3271969,Russians,Sting,1986,13,16,https://genius.com/Sting-russians-lyrics,coder_b,1,"In Europe and America
There's a growing feeling of hysteria
Conditioned to respond to all the threats
In the rhetorical speeches of the Soviets
Mr. Khrushchev said, ""We will bury you""
I don't subscribe to this point of view
It would be such an ignorant thing to do
If the Russians love their children too",1,2026-02-25T10:54:01Z
5229ddaceb1c4419c1c95df25d77e200,Oh; People,Patti LaBelle,1986,12,29,https://genius.com/Patti-labelle-oh-people-lyrics,coder_a,1,"If we are one big family
No one will have to beg to eat
If we live in a world of dignity
No man will have to live on the street
If I tell you you're a part of me
There's no need for disbelief",1,2026-02-23T19:04:43Z
5229ddaceb1c4419c1c95df25d77e200,Oh; People,Patti LaBelle,1986,12,29,https://genius.com/Patti-labelle-oh-people-lyrics,coder_b,1,"If we are one big family
No one will have to beg to eat
If we live in a world of dignity
No man will have to live on the street
If I tell you you're a part of me
There's no need for disbelief",1,2026-02-25T09:19:33Z
523b1503755c193c368dcd5be025c5b9,Love The World Away,Kenny Rogers,1980,12,14,https://genius.com/Kenny-rogers-love-the-world-away-lyrics,coder_a,0,love song,1,2026-02-23T18:51:05Z
523b1503755c193c368dcd5be025c5b9,Love The World Away,Kenny Rogers,1980,12,14,https://genius.com/Kenny-rogers-love-the-world-away-lyrics,coder_b,0,Song about love,1,2026-02-25T09:14:22Z
5290aab4ad6d47cc28b6c185e87aaef7,Ballad Of Two Brothers,Autry Inman,1968,7,48,https://genius.com/Autry-inman-ballad-of-two-brothers-lyrics,coder_b,1,"Somewhere in Vietnam, September first
Dear, Mom and Dad
We must've marched twenty miles today
Through the rain and the mud
And believe it or not
Makes me that much more determined
To help win this war
'Cause if we don't, the next battlefield
May be closer to home than Vietnam",1,2026-02-25T09:01:50Z
5290aab4ad6d47cc28b6c185e87aaef7,Ballad Of Two Brothers,Autry Inman,1968,7,48,https://genius.com/Autry-inman-ballad-of-two-brothers-lyrics,coder_a,1,"Somewhere in Vietnam, September first
Dear, Mom and Dad
We must've marched twenty miles today
Through the rain and the mud
And believe it or not
This is the first opportunity
I've had to sit down and
Write in two or three weeks",1,2026-02-23T18:14:20Z
52a3915ff8d4e9da4da0529b4d6c583c,The Raven,The Alan Parsons Project,1976,4,80,https://genius.com/The-alan-parsons-project-the-raven-lyrics,coder_b,0,Song is an interpretation of Edgar Alan Poe I think?,0.8,2026-02-24T09:16:15Z
52a3915ff8d4e9da4da0529b4d6c583c,The Raven,The Alan Parsons Project,1976,4,80,https://genius.com/The-alan-parsons-project-the-raven-lyrics,coder_a,0,"Very metaphorical, unsure what it's supposed to be about",0.3,2026-02-21T12:40:16Z
52a5657c811327d73bea8ea13b6ecde6,Inner City Blues (Make Me Wanna Holler),Marvin Gaye,1971,9,9,https://genius.com/Marvin-gaye-inner-city-blues-make-me-wanna-holler-lyrics,coder_b,1,"Inflation, no chance
To increase finance
Bills pile up sky high
Send that boy off to die",1,2026-02-25T00:51:37Z
52a5657c811327d73bea8ea13b6ecde6,Inner City Blues (Make Me Wanna Holler),Marvin Gaye,1971,9,9,https://genius.com/Marvin-gaye-inner-city-blues-make-me-wanna-holler-lyrics,coder_a,1,"Rockets, moon shots
Spend it on the have-not's
Money, we make it
Before we see it, you take it",1,2026-02-22T16:17:42Z
531d2a155cea7f0928206bc6c1439192,Drinking Til It Does,Morgan Wallen,2025,2,72,https://genius.com/Morgan-wallen-drinking-til-it-does-lyrics,coder_a,0,about heartache,1,2026-02-24T20:31:44Z
531d2a155cea7f0928206bc6c1439192,Drinking Til It Does,Morgan Wallen,2025,2,72,https://genius.com/Morgan-wallen-drinking-til-it-does-lyrics,coder_b,0,Song about heartbreak and drinking away problems,1,2026-02-25T10:10:09Z
535ea80652dd571e7a76258b9a920ca7,Tomorrow People,Ziggy Marley And The Melody Makers,1988,13,39,https://genius.com/Ziggy-marley-and-the-melody-makers-tomorrow-people-lyrics,coder_a,1,"How many nations?
How many people did that one catch?
How many nations did that one catch?
Don't know your past, don't know your future
Don't know your past, don't know your future",0.9,2026-02-24T20:51:39Z
535ea80652dd571e7a76258b9a920ca7,Tomorrow People,Ziggy Marley And The Melody Makers,1988,13,39,https://genius.com/Ziggy-marley-and-the-melody-makers-tomorrow-people-lyrics,coder_b,1,"How many nations?
How many people did that one catch?
How many nations did that one catch?
Don't know your past, don't know your future

Tomorrow people, where is your past?
Tomorrow people, how long will you last?",0.7,2026-02-25T10:26:17Z
537b6badd356462c17182afdf611318b,I Have A Dream,Rev. Martin Luther King| Jr.,1968,4,88,https://genius.com/Martin-luther-king-jr-i-have-a-dream-annotated,coder_b,1,MLK Jr Speech/Song,1,2026-02-25T00:53:36Z
537b6badd356462c17182afdf611318b,I Have A Dream,Rev. Martin Luther King| Jr.,1968,4,88,https://genius.com/Martin-luther-king-jr-i-have-a-dream-annotated,coder_a,1,About civil rights,1,2026-02-22T16:19:56Z
5415e4d251d077af5475f38331f567ae,Full Measure,The Lovin' Spoonful,1967,3,87,https://genius.com/The-lovin-spoonful-full-measure-lyrics,coder_b,0,Song about a relationship,1,2026-02-24T23:38:25Z
5415e4d251d077af5475f38331f567ae,Full Measure,The Lovin' Spoonful,1967,3,87,https://genius.com/The-lovin-spoonful-full-measure-lyrics,coder_a,0,love song,0.9,2026-02-22T14:42:51Z
547f12283072ebf98db9e30aeec46946,It's The Little Things,Sonny & Cher,1967,7,50,https://genius.com/Sonny-and-cher-its-the-little-things-lyrics,coder_a,0,love song,1,2026-02-22T15:29:13Z
547f12283072ebf98db9e30aeec46946,It's The Little Things,Sonny & Cher,1967,7,50,https://genius.com/Sonny-and-cher-its-the-little-things-lyrics,coder_b,0,Song about relationships,1,2026-02-25T00:12:11Z
548c409d254fef4397a45070548c9428,Had A Dream (Sleeping With The Enemy),Roger Hodgson,1984,15,48,https://genius.com/Roger-hodgson-had-a-dream-sleeping-with-the-enemy-lyrics,coder_a,1,"Had a dream, it was war
And they couldn't tell me what it was for
But it was something they could lie about
Something we could die about, you know
Anytime, any place
When you look that man in the face
Well, it is not a face you wanna see
Sleeping with the enemy, you know",1,2026-02-22T14:47:22Z
548c409d254fef4397a45070548c9428,Had A Dream (Sleeping With The Enemy),Roger Hodgson,1984,15,48,https://genius.com/Roger-hodgson-had-a-dream-sleeping-with-the-enemy-lyrics,coder_b,1,"Had a dream, it was war
And they couldn't tell me what it was for
But it was something they could lie about
Something we could die about, you know",0.8,2026-02-24T23:46:59Z
548de15057d1a24568efe6c222c2d120,Primal Scream,Motley Crue,1991,5,63,https://genius.com/Motley-crue-primal-scream-lyrics,coder_a,1,"(Hey man) Get outta my face
Deal with my problems at my own pace
With your screwed-down, anti-human views
Deal with the pressures by playin' the blues
If you wanna live life on your own terms
You got to be willin' to crash and burn",0.9,2026-02-21T12:44:26Z
548de15057d1a24568efe6c222c2d120,Primal Scream,Motley Crue,1991,5,63,https://genius.com/Motley-crue-primal-scream-lyrics,coder_b,0,"Song is about going crazy and letting out ""primal screams""",0.8,2026-02-24T09:20:49Z
54fc759b272d79e401691fcba3adb4fa,Come Out Fighting,Easterhouse,1989,4,82,https://genius.com/Easterhouse-come-out-fighting-lyrics,coder_b,1,"I want to step out fighting
When they march into the street, where they're voting with their feet",1,2026-02-17T22:15:39Z
54fc759b272d79e401691fcba3adb4fa,Come Out Fighting,Easterhouse,1989,4,82,https://genius.com/Easterhouse-come-out-fighting-lyrics,coder_a,1,"About protesting a rival group: Some are trying to turn a clock back
They are working ceaslessly
In the dark of their black hearts
Bearing down on me, bearing down on me
C'mon
Now we've turned anothеr corner
So we meet them facе to face
And I know that I'll be ready
To take my place when they march into the street",0.8,2026-02-15T17:45:18Z
54fd86fc3e469241d5b927cf7e19b5f2,I'm A Stranger Here,Five Man Electrical Band,1973,7,76,https://genius.com/Five-man-electrical-band-im-a-stranger-here-lyrics,coder_a,1,"I see the aero planes carrying the bombs
Why you've even found people to drop them on
You know you can't keep what you take by force
But it's only my first impression, of course",1,2026-02-16T18:10:23Z
54fd86fc3e469241d5b927cf7e19b5f2,I'm A Stranger Here,Five Man Electrical Band,1973,7,76,https://genius.com/Five-man-electrical-band-im-a-stranger-here-lyrics,coder_b,1,"I see the aero planes carrying the bombs
Why you've even found people to drop them on",1,2026-02-17T23:07:48Z
55f4a105a59f252e8b29ed11b8e0100c,I Got You Babe,Etta James,1968,7,69,https://genius.com/Etta-james-i-got-you-babe-lyrics,coder_b,0,Song about love,1,2026-02-25T11:02:58Z
55f4a105a59f252e8b29ed11b8e0100c,I Got You Babe,Etta James,1968,7,69,https://genius.com/Etta-james-i-got-you-babe-lyrics,coder_a,0,"slight political tone here, but ultimately love song: Say, our love won't pay the rent
Before it's earned, our money's all been spent
I guess that's sure, we don't have a lot
But at least I'm sure of all the things we've got",0.4,2026-02-26T18:21:05Z
567f5d26275b1e8dadbd06d4ce4b45c1,I'll Wait For You,Joe Nichols,2007,12,71,https://genius.com/Joe-nichols-ill-wait-for-you-lyrics,coder_a,0,love song,1,2026-02-22T15:13:29Z
567f5d26275b1e8dadbd06d4ce4b45c1,I'll Wait For You,Joe Nichols,2007,12,71,https://genius.com/Joe-nichols-ill-wait-for-you-lyrics,coder_b,0,Song about a loved one passing away.,1,2026-02-25T00:04:36Z
56acd3eb64e861d70d4e397c31296b11,I Am Somebody Part II,Johnnie Taylor,1970,9,39,https://genius.com/Johnnie-taylor-i-am-somebody-parts-i-and-ii-lyrics,coder_b,1,"Though you're up in society
Tell me where would you be
Without everyday people like me
Old Martin was somebody
Before he ever started march on Washington
Old Bobby was somebody
Before his campaign for President begun",0.9,2026-02-18T00:03:01Z
56acd3eb64e861d70d4e397c31296b11,I Am Somebody Part II,Johnnie Taylor,1970,9,39,https://genius.com/Johnnie-taylor-i-am-somebody-parts-i-and-ii-lyrics,coder_a,1,"Though you're up in society
Tell me where would you be
Without everyday people like me

You can make it, watch me make it
Watch me make it, I'm gonna make it

I am somebody, yeah
You are somebody

Old Martin was somebody
Before he ever started march on Washington
Old Bobby was somebody
Before his campaign for President begun",1,2026-02-16T18:24:07Z
5758e926386056871572644cdaf14252,Make Up,Ariana Grande,2019,2,48,https://genius.com/Ariana-grande-make-up-lyrics,coder_b,0,Song about relationships,1,2026-02-24T23:02:29Z
5758e926386056871572644cdaf14252,Make Up,Ariana Grande,2019,2,48,https://genius.com/Ariana-grande-make-up-lyrics,coder_a,0,song about toxic relationship,1,2026-02-21T14:32:06Z
5792e8931810a33ee46ccb9fc38ddeb9,Casanova,Levert,1987,18,5,https://genius.com/Levert-casanova-lyrics,coder_a,0,love song,1,2026-02-22T14:33:24Z
5792e8931810a33ee46ccb9fc38ddeb9,Casanova,Levert,1987,18,5,https://genius.com/Levert-casanova-lyrics,coder_b,0,Song about love,1,2026-02-24T23:32:32Z
57b899399397fe6cdc34e85e653f3b29,La La Peace Song,Al Wilson,1974,10,30,https://genius.com/Al-wilson-la-la-peace-song-lyrics,coder_b,1,"Steel birds falling to the ground
Not knowing what’s below
When the end comes, tell me now
Where we gonna go

Oh, people, that's my
La la la la peace song",1,2026-02-25T00:56:25Z
57b899399397fe6cdc34e85e653f3b29,La La Peace Song,Al Wilson,1974,10,30,https://genius.com/Al-wilson-la-la-peace-song-lyrics,coder_a,1,"Ah, somebody's crying
For those dying
But no one knows
How long it's gonna last

Steel birds falling to the ground
Not knowing what’s below
When the end comes, tell me now
Where we gonna go",1,2026-02-22T16:25:43Z
58678047f5b26a566523327061f48ef0,Outside My Window,The Fleetwoods,1960,9,28,https://genius.com/The-fleetwoods-outside-my-window-lyrics,coder_b,0,Song about love.,1,2026-02-25T08:45:41Z
58678047f5b26a566523327061f48ef0,Outside My Window,The Fleetwoods,1960,9,28,https://genius.com/The-fleetwoods-outside-my-window-lyrics,coder_a,0,love song,1,2026-02-22T16:50:31Z
5871a08124d3da3861da90e68e905635,It's A New Day,will.i.am,2008,2,78,https://genius.com/William-its-a-new-day-lyrics,coder_b,1,"It's for fathers, our brothers
Our friends who fought for freedom
Our sisters, our mothers
Who died for us to be in this moment",1,2026-02-24T23:09:43Z
5871a08124d3da3861da90e68e905635,It's A New Day,will.i.am,2008,2,78,https://genius.com/William-its-a-new-day-lyrics,coder_a,1,"It's been a long time coming
Up the mountain kept runnin'
Souls of freedom kept hummin'
Channeling Harriet Tubman

Kennedy, Lincoln, and King
We gotta invest in that dream
It feels like we're swimming upstream
It feels like we're stuck in between
A rock and a hard place
We've been through the heartaches
And lived through the darkest days",1,2026-02-21T14:41:33Z
5927c13301d448412199af0c8f3f5466,It's Over,Roy Orbison,1964,11,9,https://genius.com/Roy-orbison-its-over-lyrics,coder_a,0,love song,1,2026-02-21T12:10:18Z
5927c13301d448412199af0c8f3f5466,It's Over,Roy Orbison,1964,11,9,https://genius.com/Roy-orbison-its-over-lyrics,coder_b,0,Song about a relationship,1,2026-02-22T23:49:32Z
5998040f8e511d64459bf98cfcc53603,Money; Money; Money,ABBA,1977,7,56,https://genius.com/Abba-money-money-money-lyrics,coder_a,1,"I work all night, I work all day
To pay the bills I have to pay
Ain't it sad?
And still, there never seems to be
A single penny left for me
That's too bad

[Pre-Chorus: Frida]
In my dreams, I have a plan
If I got me a wealthy man
I wouldn't have to work at all
I'd fool around and have a ball",0.6,2026-02-22T15:43:56Z
5998040f8e511d64459bf98cfcc53603,Money; Money; Money,ABBA,1977,7,56,https://genius.com/Abba-money-money-money-lyrics,coder_b,1,Song about the importance of money and power.,1,2026-02-25T00:22:14Z
59ace21938e7dedbc2eadf0951665a74,Diamond Girl,Seals & Crofts,1973,18,6,https://genius.com/Seals-and-crofts-diamond-girl-lyrics,coder_b,0,Song about a girl,1,2026-02-25T00:57:24Z
59ace21938e7dedbc2eadf0951665a74,Diamond Girl,Seals & Crofts,1973,18,6,https://genius.com/Seals-and-crofts-diamond-girl-lyrics,coder_a,0,love song,1,2026-02-22T16:28:33Z
59bd250d2b26aa1be80e14e4333e315a,Hypnotize,System of a Down,2006,15,57,https://genius.com/System-of-a-down-hypnotize-lyrics,coder_a,1,"Why don't you ask the kids at Tiananmen Square?
Was fashion the reason why they were there?
They disguise it, hypnotize it
Television made you buy it",1,2026-02-21T14:29:21Z
59bd250d2b26aa1be80e14e4333e315a,Hypnotize,System of a Down,2006,15,57,https://genius.com/System-of-a-down-hypnotize-lyrics,coder_b,1,"Why don't you ask the kids at Tiananmen Square?
Was fashion the reason why they were there?
They disguise it, hypnotize it
Television made you buy it",1,2026-02-24T23:00:03Z
59c6494e54cc61980950579505260bbe,Welcome To The Real World,Jane Child,1990,9,49,https://genius.com/Jane-child-welcome-to-the-real-world-lyrics,coder_b,1,Song is about elites and who is winning,0.6,2026-02-17T22:11:59Z
59c6494e54cc61980950579505260bbe,Welcome To The Real World,Jane Child,1990,9,49,https://genius.com/Jane-child-welcome-to-the-real-world-lyrics,coder_a,1,"Who's winning the human race?
Who's running?
Who's setting the pace?
Makes my blood boil in defiance
I fall to my knees
And pray for guidance",0.9,2026-02-15T17:43:36Z
59d7d03e83c8f6f505183abefd600fb3,It's My Life,Bon Jovi,2000,20,33,https://genius.com/Bon-jovi-its-my-life-lyrics,coder_a,1,"Better stand tall when they're callin' you out
Don't bend, don't break, baby, don't back down",0.7,2026-02-24T20:39:53Z
59d7d03e83c8f6f505183abefd600fb3,It's My Life,Bon Jovi,2000,20,33,https://genius.com/Bon-jovi-its-my-life-lyrics,coder_b,1,"And I ain't gonna be just a face in the crowd
You're gonna hear my voice when I shout it out loud
Yeah, this is for ones who stood their ground
For Tommy and Gina who never backed down
Better stand tall when they're callin' you out
Don't bend, don't break, baby, don't back down",0.8,2026-02-25T10:20:18Z
5a360d576c1437e2f8ffc95af21bc3ae,Last Train To London,Electric Light Orchestra,1980,11,39,https://genius.com/Electric-light-orchestra-last-train-to-london-lyrics,coder_a,0,Love song,1,2026-02-15T17:24:52Z
5a360d576c1437e2f8ffc95af21bc3ae,Last Train To London,Electric Light Orchestra,1980,11,39,https://genius.com/Electric-light-orchestra-last-train-to-london-lyrics,coder_b,0,Song is about love and relationships.,1,2026-02-16T22:48:31Z
5aba65391eff2244d58e836e9e301172,Don't Let Me Be Lonely Tonight,James Taylor,1973,11,14,https://genius.com/James-taylor-dont-let-me-be-lonely-tonight-lyrics,coder_a,0,Love song.,1,2026-02-15T16:50:45Z
5aba65391eff2244d58e836e9e301172,Don't Let Me Be Lonely Tonight,James Taylor,1973,11,14,https://genius.com/James-taylor-dont-let-me-be-lonely-tonight-lyrics,coder_b,0,Song is about not wanting to be lonely - is not political,1,2026-02-14T23:27:55Z
5b0bfed8db5bab42f72920228a247564,The Chanukah Song,Adam Sandler,1998,2,80,https://genius.com/Adam-sandler-the-chanukah-song-lyrics,coder_a,1,"There's a lot of Christmas songs out there and, uh
Not too many Chanukah songs, so, uh
Wrote a, wrote a song for all those nice little Jewish kids who don't get to hear any Chanukah songs
Here we go

[Chorus]
Put on your yarmulke
Here comes Chanukah
So much fun-ukah
To celebrate Chanukah

[Verse 1]
Chanukah is the festival of lights
Instead of one day of presents, we have eight crazy nights
When you feel like the only kid in town without a Christmas tree
Here's a list of people who are Jewish just like you and me",0.4,2026-03-02T18:07:37Z
5b0bfed8db5bab42f72920228a247564,The Chanukah Song,Adam Sandler,1998,2,80,https://genius.com/Adam-sandler-the-chanukah-song-lyrics,coder_b,1,"A song about Chanukah - 

O.J. Simpson, not a Jew
But guess who is? Hall of Famer Rod Carew, he converted
We got Ann Landers and her sister Dear Abby",0.6,2026-02-25T12:12:38Z
5b235f0b653e19e814c59f9b7b3d0af5,Hakuna Matata,Gunna,2024,1,67,https://genius.com/Gunna-hakuna-matata-lyrics,coder_b,0,Song about making it famous,0.8,2026-02-24T22:56:27Z
5b235f0b653e19e814c59f9b7b3d0af5,Hakuna Matata,Gunna,2024,1,67,https://genius.com/Gunna-hakuna-matata-lyrics,coder_a,0,"about fame, wealth",1,2026-02-21T14:21:15Z
5b682e2cf3b8a83d8e024a11f38c98b8,Neon Star (Country Boy Lullaby),Morgan Wallen,2023,3,48,https://genius.com/Morgan-wallen-neon-star-country-boy-lullaby-lyrics,coder_b,0,Song is about heartbreak,1,2026-02-16T22:41:26Z
5b682e2cf3b8a83d8e024a11f38c98b8,Neon Star (Country Boy Lullaby),Morgan Wallen,2023,3,48,https://genius.com/Morgan-wallen-neon-star-country-boy-lullaby-lyrics,coder_a,0,About heartbreak.,1,2026-02-15T17:20:16Z
5bb17731e764a3ee1c7ca6327042a28c,Léah,Roy Orbison,1962,10,25,https://genius.com/Roy-orbison-leah-lyrics,coder_b,0,A song about love and a girl named Leah,1,2026-02-25T00:22:40Z
5bb17731e764a3ee1c7ca6327042a28c,Léah,Roy Orbison,1962,10,25,https://genius.com/Roy-orbison-leah-lyrics,coder_a,0,love song,1,2026-02-22T15:45:46Z
5cc4868a11e09912fb17a8b161c1fcbb,The Love I Lost (Part 1),Harold Melvin And The Blue Notes,1973,18,7,https://genius.com/Harold-melvin-and-the-blue-notes-the-love-i-lost-part-1-lyrics,coder_a,1,love song,1,2026-02-22T14:20:44Z
5cc4868a11e09912fb17a8b161c1fcbb,The Love I Lost (Part 1),Harold Melvin And The Blue Notes,1973,18,7,https://genius.com/Harold-melvin-and-the-blue-notes-the-love-i-lost-part-1-lyrics,coder_b,0,Song about a relationship and losing a lost one.,1,2026-02-24T23:27:35Z
5cc712df4800c6b1254db6a3e61dd884,The War Song,Culture Club,1984,13,17,https://genius.com/Culture-club-the-war-song-lyrics,coder_b,1,"War, war is stupid
And people are stupid
And love means nothing
In some strange quarters",1,2026-02-25T11:05:29Z
5cc712df4800c6b1254db6a3e61dd884,The War Song,Culture Club,1984,13,17,https://genius.com/Culture-club-the-war-song-lyrics,coder_a,1,"War, war is stupid
And people are stupid
And love means nothing
In some strange quarters
War, war is stupid
And people are stupid
And I heard them banging
On hearts and fingers",1,2026-02-26T18:29:28Z
5cfe5ab40483052ba371cbc3d4715ea1,Illicit Affairs,Taylor Swift,2020,1,44,https://genius.com/Taylor-swift-illicit-affairs-lyrics,coder_a,0,love song,1,2026-02-21T13:40:44Z
5cfe5ab40483052ba371cbc3d4715ea1,Illicit Affairs,Taylor Swift,2020,1,44,https://genius.com/Taylor-swift-illicit-affairs-lyrics,coder_b,0,Song about a breakup,1,2026-02-24T20:30:35Z
5d2d760e68d8ed22fc430d2f3d487b2d,Another Brick In The Wall (Part II),Pink Floyd,1980,25,1,https://genius.com/Pink-floyd-another-brick-in-the-wall-part-ii-live-at-earls-court-21st-october-1994-lyrics,coder_a,1,About power and corruption,1,2026-03-02T18:03:03Z
5d2d760e68d8ed22fc430d2f3d487b2d,Another Brick In The Wall (Part II),Pink Floyd,1980,25,1,https://genius.com/Pink-floyd-another-brick-in-the-wall-part-ii-live-at-earls-court-21st-october-1994-lyrics,coder_b,1,"We don't need no education
We don't need no thought control
No dark sarcasm in the classroom
Teachers leave them kids alone
Hey!",1,2026-02-25T12:09:25Z
5d5bc8532af292f4f56f8aa3ae54acfc,Say It's Gonna Rain,Will to Power,1988,14,49,https://genius.com/Will-to-power-say-its-gonna-rain-lyrics,coder_b,0,Song about rain,1,2026-02-24T22:43:45Z
5d5bc8532af292f4f56f8aa3ae54acfc,Say It's Gonna Rain,Will to Power,1988,14,49,https://genius.com/Will-to-power-say-its-gonna-rain-lyrics,coder_a,0,love song,1,2026-02-21T13:52:07Z
5e727dc4e528a9d6bec9ab7554ac267d,Hands Across America,Voices Of America,1986,8,65,https://genius.com/Voices-of-america-hands-across-america-lyrics,coder_a,1,Detailing a political event for peace.,1,2026-02-16T18:08:14Z
5e727dc4e528a9d6bec9ab7554ac267d,Hands Across America,Voices Of America,1986,8,65,https://genius.com/Voices-of-america-hands-across-america-lyrics,coder_b,1,"Hands across America
Hands across this land I love
Divided we fall, united we stand
Hands across America",1,2026-02-17T23:03:26Z
5e76ba11354536b57c47dfaa5392cbbb,You Should Have Seen The Way He Looked At Me,The Dixie Cups,1964,6,39,https://genius.com/The-dixie-cups-you-should-have-seen-the-way-he-looked-at-me-lyrics,coder_b,0,A song about marriage,1,2026-02-25T11:11:23Z
5e76ba11354536b57c47dfaa5392cbbb,You Should Have Seen The Way He Looked At Me,The Dixie Cups,1964,6,39,https://genius.com/The-dixie-cups-you-should-have-seen-the-way-he-looked-at-me-lyrics,coder_a,0,love song,1,2026-02-26T18:58:53Z
5f158ce2c333170e27d26340057f8a94,Wonderful You,Jimmie Rodgers,1959,7,40,https://genius.com/Jimmie-rodgers-the-wonderful-city-lyrics,coder_a,1,"He bids us to work in his vineyard
To toil for him early and late
What a glorious reward or our labor
To enter that beautiful gate",0.6,2026-02-24T20:21:04Z
5f158ce2c333170e27d26340057f8a94,Wonderful You,Jimmie Rodgers,1959,7,40,https://genius.com/Jimmie-rodgers-the-wonderful-city-lyrics,coder_b,0,Song about heaven,0.8,2026-02-25T09:28:14Z
5f70fd6ded0be9fbb2d2945d8462743d,Word Of Mouth,Mike + The Mechanics,1991,6,78,https://genius.com/Mike-the-mechanics-word-of-mouth-lyrics,coder_b,1,Song seems to be about information/disinformation which can be considered political. Mentions a party line.,0.7,2026-02-13T22:25:15Z
5f70fd6ded0be9fbb2d2945d8462743d,Word Of Mouth,Mike + The Mechanics,1991,6,78,https://genius.com/Mike-the-mechanics-word-of-mouth-lyrics,coder_a,1,"""There's a rumour on the corner
But it's always been denied
'Cause they don't want you any wiser
You're just toein' the party line""",1,2026-02-15T16:16:49Z
5fc3023bf56677ccae8802f0fd183103,Made In America,Toby Keith,2011,20,40,https://genius.com/Toby-keith-made-in-america-lyrics,coder_a,1,Very patriotic piece.,1,2026-02-15T16:19:16Z
5fc3023bf56677ccae8802f0fd183103,Made In America,Toby Keith,2011,20,40,https://genius.com/Toby-keith-made-in-america-lyrics,coder_b,1,"Is a nationalist song which is a political topic. Also mentions key political figures, events and dates",1,2026-02-13T22:28:57Z
609f367ad7b0f28df6b63fac1c714cdf,Rude Boy,Rihanna,2010,22,1,https://genius.com/Rihanna-rude-boy-lyrics,coder_a,0,love song,1,2026-02-24T20:43:45Z
609f367ad7b0f28df6b63fac1c714cdf,Rude Boy,Rihanna,2010,22,1,https://genius.com/Rihanna-rude-boy-lyrics,coder_b,0,Song about a relationship,1,2026-02-25T10:22:10Z
610de88e7b19d73a1328d5a5ad25e7f4,New Slaves,Kanye West,2013,2,56,https://genius.com/Kanye-west-new-slaves-lyrics,coder_a,1,"My mama was raised in the era when
Clean water was only served to the fairer skin
Doin' clothes, you would've thought I had help
But they wasn't satisfied unless I picked the cotton myself
You see, it's broke nigga racism
That's that, ""Don't touch anything in the store""
And it's rich nigga racism
That's that, ""Come in, please buy more""
""What you want, a Bentley? Fur coat? A diamond chain?
All you blacks want all the same things""
Used to only be niggas, now everybody playin'
Spendin' everything on Alexander Wang
New slaves",1,2026-02-23T19:08:24Z
610de88e7b19d73a1328d5a5ad25e7f4,New Slaves,Kanye West,2013,2,56,https://genius.com/Kanye-west-new-slaves-lyrics,coder_b,1,"My mama was raised in the era when
Clean water was only served to the fairer skin
Doin' clothes, you would've thought I had help
But they wasn't satisfied unless I picked the cotton myself
That's that, ""Come in, please buy more""
""What you want, a Bentley? Fur coat? A diamond chain?
All you blacks want all the same things""
Used to only be niggas, now everybody playin'
Spendin' everything on Alexander Wang
New slaves",1,2026-02-25T09:23:13Z
6189369aeb984c82f292d77dd9933fb4,Happy Xmas (War Is Over),John Legend,2020,1,69,https://genius.com/John-legend-happy-xmas-war-is-over-lyrics,coder_b,1,"War is over (The war is over)
If you want it
War is over now (Oh yeah-yeah, celebrate Christmas)",1,2026-02-25T10:32:59Z
6189369aeb984c82f292d77dd9933fb4,Happy Xmas (War Is Over),John Legend,2020,1,69,https://genius.com/John-legend-happy-xmas-war-is-over-lyrics,coder_a,1,"So this is Christmas
For weak and for strong
For rich and the poor ones
The world is so wrong
So happy Christmas
For black and for white
For yellow and red ones
Let's stop all the fight",1,2026-02-24T21:00:23Z
6189f2134be40510a6473cc5ba9af122,Open Letter (To A Landlord),Living Colour,1989,5,82,https://genius.com/Living-colour-open-letter-to-a-landlord-lyrics,coder_b,1,Sings about an elite destroying homes and the people fighting against this.,1,2026-02-14T23:02:08Z
6189f2134be40510a6473cc5ba9af122,Open Letter (To A Landlord),Living Colour,1989,5,82,https://genius.com/Living-colour-open-letter-to-a-landlord-lyrics,coder_a,1,"About poverty, drugs, protesting landlords, and calls for neighbourhoods to mobilise.",1,2026-02-15T16:35:41Z
624f3345e69384173857f095b6bd91ea,POWER,Kanye West,2010,16,22,https://genius.com/Kanye-west-power-lyrics,coder_a,1,"The system broken, the school's closed, the prison's open",1,2026-02-26T19:31:32Z
624f3345e69384173857f095b6bd91ea,POWER,Kanye West,2010,16,22,https://genius.com/Kanye-west-power-lyrics,coder_b,1,Song about having power - but is largely directed towards rapping power?,0.6,2026-02-25T11:16:08Z
6287f34af84c06cfb57566ce46cd0a6e,I Shot The Sheriff,Warren G,1997,19,20,https://genius.com/Warren-g-i-shot-the-sheriff-lyrics,coder_b,1,"This town is run by martial law
And Warren G are the marshall
I had to shoot the sheriff it was justifiable
He mistaked me for somebody who was liable
To more than many murders
LA's a war fields",1,2026-02-25T09:15:55Z
6287f34af84c06cfb57566ce46cd0a6e,I Shot The Sheriff,Warren G,1997,19,20,https://genius.com/Warren-g-i-shot-the-sheriff-lyrics,coder_a,1,"I had to shoot the sheriff it was justifiable
He mistaked me for somebody who was liable
To more than many murders
LA's a war fields
We keep making war shields
Streets keep souls
Young brothers lose control
I seem to maintain through this
Watch where you kick it they'll put you in a twist
And it ain't nobody like my down ass hommie
And tha police always tryin to pin some bullshit on me
I keep away from fools
They do crime and  attract cops
Cops got guns and cuffs
And cells to stuff you in",1,2026-02-23T18:53:11Z
62cf7c4bae1f6dc6d7fee04473fe8532,A World Without Love,Peter And Gordon,1964,12,1,https://genius.com/Peter-and-gordon-a-world-without-love-lyrics,coder_a,0,Love song.,1,2026-02-15T16:38:15Z
62cf7c4bae1f6dc6d7fee04473fe8532,A World Without Love,Peter And Gordon,1964,12,1,https://genius.com/Peter-and-gordon-a-world-without-love-lyrics,coder_b,0,Song is about love and waiting for a loved one.,1,2026-02-14T23:11:46Z
62d6906380161354cde6fd7bb63219d1,I Got A Man,Positive K,1993,22,14,https://genius.com/Positive-k-i-got-a-man-lyrics,coder_a,0,love song,1,2026-02-23T19:02:47Z
62d6906380161354cde6fd7bb63219d1,I Got A Man,Positive K,1993,22,14,https://genius.com/Positive-k-i-got-a-man-lyrics,coder_b,0,Song about relationships,1,2026-02-25T09:18:10Z
62ee161bd73096bbb1ac2182e8abba8d,Take It Easy On Me,Little River Band,1982,19,10,https://genius.com/Little-river-band-take-it-easy-on-me-lyrics,coder_b,0,Song about love,1,2026-02-24T20:31:52Z
62ee161bd73096bbb1ac2182e8abba8d,Take It Easy On Me,Little River Band,1982,19,10,https://genius.com/Little-river-band-take-it-easy-on-me-lyrics,coder_a,0,love song,1,2026-02-21T13:43:03Z
631d2183c15af352717c7298fcd1b18a,Am I The Only One,Aaron Lewis,2021,2,14,https://genius.com/Aaron-lewis-am-i-the-only-one-lyrics,coder_b,1,"Am I the only one, willin' to bleed
Or take a bullet for bein' free
Screamin', ""What the fuck!"" at my TV
For tellin' me, yeah, are you tellin' me?
That I'm the only one, willin' to fight
For my love of the red and white
And the blue, burnin' on the ground
Another statue comin' down in a town near you",1,2026-02-25T09:16:54Z
631d2183c15af352717c7298fcd1b18a,Am I The Only One,Aaron Lewis,2021,2,14,https://genius.com/Aaron-lewis-am-i-the-only-one-lyrics,coder_a,1,"Am I the only one, willin' to bleed
Or take a bullet for bein' free
Screamin', ""What the fuck!"" at my TV
For tellin' me, yeah, are you tellin' me?
That I'm the only one, willin' to fight
For my love of the red and white
And the blue, burnin' on the ground
Another statue comin' down in a town near you",1,2026-02-23T18:55:41Z
634645e1ef4c70c1e000cd21a86e0f2f,Mama Can't Buy You Love,Elton John,1979,18,9,https://genius.com/Elton-john-mama-cant-buy-you-love-lyrics,coder_b,0,Song is about relationships,1,2026-02-25T00:45:49Z
634645e1ef4c70c1e000cd21a86e0f2f,Mama Can't Buy You Love,Elton John,1979,18,9,https://genius.com/Elton-john-mama-cant-buy-you-love-lyrics,coder_a,0,love song,0.6,2026-02-22T16:01:58Z
637a066d1f40a86d40d2efb67120b1e2,G.R.I.N.D. (Get Ready It's A New Day),Asher Roth,2010,1,79,https://genius.com/Asher-roth-grind-lyrics,coder_b,1,"But this ain't about Jesus
No way, no Abe, no Ike, Moses or Muhammad, yeah it's all about believin
Full steam ahead because I know the worst times are behind me
I don't wanna sound cheesy but, but, but, it's just I really mean it eh, eh",1,2026-02-25T09:16:25Z
637a066d1f40a86d40d2efb67120b1e2,G.R.I.N.D. (Get Ready It's A New Day),Asher Roth,2010,1,79,https://genius.com/Asher-roth-grind-lyrics,coder_a,1,"Yeah, about time to change a few things, we a slave to the bank
And we only wanna buy new shoes, the way that we think
We can do anything that we really wanna put our minds to
The American dream, dream, is a pyramid scheme, scheme
And it feels out of reach, when it's hard and the times are tough
But change starts with us, so yep, yep
We all want freedom
Yeah, to be who we be
I don't wanna be afraid when I speak, to say what I'm feelin
Yeah, together we're strong but divided never been so weak
It's time we get even, yeah, yeah
And really what I mean is, is, is, this change I can feel it
Yeah, yeah, Mr. President, think it's all gonna be okay",1,2026-02-23T18:54:54Z
656759e61f327e947553fd3f1b9ed878,American Idiot,Green Day,2004,20,61,https://genius.com/Green-day-american-idiot-lyrics,coder_b,1,"Don't wanna be an American idiot
Don't want a nation under the new media
And can you hear the sound of hysteria?
The subliminal mindfuck America",1,2026-02-25T09:28:49Z
656759e61f327e947553fd3f1b9ed878,American Idiot,Green Day,2004,20,61,https://genius.com/Green-day-american-idiot-lyrics,coder_a,1,"Don't wanna be an American idiot
Don't want a nation under the new media
And can you hear the sound of hysteria?
The subliminal mindfuck America",1,2026-02-24T20:22:13Z
65a3aabdaaaa10bceab03a1de2e327b1,Denial Is A River,Doechii,2025,19,21,https://genius.com/Doechii-denial-is-a-river-lyrics,coder_b,0,Song is about struggling as a rapper - no mention of political features,0.7,2026-02-14T22:48:16Z
65a3aabdaaaa10bceab03a1de2e327b1,Denial Is A River,Doechii,2025,19,21,https://genius.com/Doechii-denial-is-a-river-lyrics,coder_a,0,"There are some potentially political suggestions surrounding drugs, culture, and wealth, but the focus is more on the individual and her path to fame as well as her personal relationship struggles.",0.5,2026-02-15T16:25:41Z
65acceef7adc859ab728e235a261b42e,There Won't Be Anymore,Charlie Rich,1974,15,18,https://genius.com/Charlie-rich-there-wont-be-anymore-lyrics,coder_b,0,Song about a relationship,1,2026-02-24T23:21:30Z
65acceef7adc859ab728e235a261b42e,There Won't Be Anymore,Charlie Rich,1974,15,18,https://genius.com/Charlie-rich-there-wont-be-anymore-lyrics,coder_a,0,love song,1,2026-02-21T14:53:27Z
65dee66d2f971448aaf9d5b9659b90b0,Cell Therapy,Goodie Mob,1995,20,39,https://genius.com/Goodie-mob-cell-therapy-lyrics,coder_b,1,"Dem experimenting in Atlanta, Georgia
United Nations, overseas, trained assassins
Do search and seize, ain't knocking or asking
They're coming for niggas like me, poor white trash like they
Tricks like her back in slavery",1,2026-02-24T08:37:16Z
65dee66d2f971448aaf9d5b9659b90b0,Cell Therapy,Goodie Mob,1995,20,39,https://genius.com/Goodie-mob-cell-therapy-lyrics,coder_a,1,"Dem experimenting in Atlanta, Georgia
United Nations, overseas, trained assassins
Do search and seize, ain't knocking or asking
They're coming for niggas like me, poor white trash like they
Tricks like her back in slavery
Concentration camps laced with gas pipelines
Infernos outdoors like they had
Back when Adolf Hitler was living in 1945",1,2026-02-21T12:35:34Z
65ff6d5fae666a6b333495e4cee8b655,Blues Before And After,The Smithereens,1990,2,94,https://genius.com/The-smithereens-blues-before-and-after-lyrics,coder_a,0,love song,1,2026-03-02T18:21:31Z
65ff6d5fae666a6b333495e4cee8b655,Blues Before And After,The Smithereens,1990,2,94,https://genius.com/The-smithereens-blues-before-and-after-lyrics,coder_b,0,A song about love,1,2026-02-25T12:16:06Z
6671aeecd1ac69daa32f0a3203670769,Think About Your Children,Mary Hopkin,1970,4,87,https://genius.com/Mary-hopkin-think-about-your-children-lyrics,coder_a,1,"Child isn't born with a prejudiced mind
He only learns what he sees
Or what he's taught to do

[Chorus]
Think about your children, mother
Help all mankind
Don't let the weight of hate
Weigh the world down",1,2026-02-22T16:37:07Z
6671aeecd1ac69daa32f0a3203670769,Think About Your Children,Mary Hopkin,1970,4,87,https://genius.com/Mary-hopkin-think-about-your-children-lyrics,coder_b,1,"Child isn't born with a prejudiced mind
He only learns what he sees
Or what he's taught to do
Save all mankind
Don't let the weight of hate
Weigh the world down",1,2026-02-25T08:34:34Z
66dce0cb86f51167179132dc94594552,Small Town,John Mellencamp,1986,18,6,https://genius.com/John-mellencamp-small-town-lyrics,coder_b,0,Song about being in a small town,1,2026-02-25T08:57:38Z
66dce0cb86f51167179132dc94594552,Small Town,John Mellencamp,1986,18,6,https://genius.com/John-mellencamp-small-town-lyrics,coder_a,1,"Well, I was born in a small town
And I live in a small town
Probably die in a small town
Oh, those small communities

[Verse 2]
All my friends are so small town
My parents live in the same small town
My job is so small town
Provides little opportunity",1,2026-02-23T18:07:59Z
66e169a1bc91adf62b45da2bbbbaff13,Wooden Heart,Joe Dowell,1961,16,1,https://genius.com/Joe-dowell-wooden-heart-lyrics,coder_b,0,Song is about love,1,2026-02-18T23:07:58Z
66e169a1bc91adf62b45da2bbbbaff13,Wooden Heart,Joe Dowell,1961,16,1,https://genius.com/Joe-dowell-wooden-heart-lyrics,coder_a,0,love song,1,2026-02-16T18:27:28Z
6724c630e09c32e90d8e5450b33eaed3,Smokin Out The Window,Silk Sonic (Bruno Mars & Anderson .Paak),2021,20,5,https://genius.com/Silk-sonic-smokin-out-the-window-lyrics,coder_a,0,love song,1,2026-02-15T17:42:03Z
6724c630e09c32e90d8e5450b33eaed3,Smokin Out The Window,Silk Sonic (Bruno Mars & Anderson .Paak),2021,20,5,https://genius.com/Silk-sonic-smokin-out-the-window-lyrics,coder_b,0,Song is about relationships,1,2026-02-17T21:59:04Z
674d7e64ff949854ed50fb610f9ae9d8,Good Time Girl,Nancy Sinatra,1968,5,65,https://genius.com/Nancy-sinatra-good-time-girl-lyrics,coder_a,0,love song,1,2026-02-22T15:32:51Z
674d7e64ff949854ed50fb610f9ae9d8,Good Time Girl,Nancy Sinatra,1968,5,65,https://genius.com/Nancy-sinatra-good-time-girl-lyrics,coder_b,0,Song about love and jealousy,1,2026-02-25T00:13:09Z
6762e3638703c4ab09c7aa0fc16e7e1a,Where Have All Our Heroes Gone,Bill Anderson,1970,3,93,https://genius.com/Bill-anderson-where-have-all-our-heroes-gone-lyrics,coder_b,1,"Where have all our heroes gone
What's come over our great land
America is still my home sweet home
But where have all our heroes gone?",1,2026-02-25T10:20:35Z
6762e3638703c4ab09c7aa0fc16e7e1a,Where Have All Our Heroes Gone,Bill Anderson,1970,3,93,https://genius.com/Bill-anderson-where-have-all-our-heroes-gone-lyrics,coder_a,1,"Where have all our heroes gone
What's come over our great land
America is still my home sweet home
But where have all our heroes gone?",1,2026-02-24T20:40:29Z
67f311250e3566a91269173e4401f1b4,My Hometown,Bruce Springsteen,1986,15,6,https://genius.com/Bruce-springsteen-my-hometown-lyrics,coder_b,1,"There was a lot of fights 'tween the black and white, there was nothing you could do
Two cars at a light on a Saturday night, in the back seat there was a gun
Words were passed, a shotgun blast, troubled times had come",1,2026-02-17T22:14:49Z
67f311250e3566a91269173e4401f1b4,My Hometown,Bruce Springsteen,1986,15,6,https://genius.com/Bruce-springsteen-my-hometown-lyrics,coder_a,1,"In '65 tension was running high at my high school
There was a lot of fights 'tween the black and white, there was nothing you could do
Two cars at a light on a Saturday night, in the back seat there was a gun
Words were passed, a shotgun blast, troubled times had come",1,2026-02-15T17:44:12Z
68512c10c36723b36e562e1fac23fa44,If Somebody Told You,Anna King,1964,6,67,https://genius.com/Anna-king-if-somebody-told-you-lyrics,coder_b,0,A song about love,1,2026-02-25T11:49:01Z
68512c10c36723b36e562e1fac23fa44,If Somebody Told You,Anna King,1964,6,67,https://genius.com/Anna-king-if-somebody-told-you-lyrics,coder_a,0,love song,1,2026-03-02T17:39:05Z
69152de8a9f094cc4fc5e816db385735,Imagine,Tracie Spencer,1989,4,85,https://genius.com/Tracie-spencer-imagine-lyrics,coder_a,1,"Imagine there's no heaven
It's easy if you try
No hell below us
Above us only sky

Imagine all the people
Living for today",1,2026-02-22T16:31:05Z
69152de8a9f094cc4fc5e816db385735,Imagine,Tracie Spencer,1989,4,85,https://genius.com/Tracie-spencer-imagine-lyrics,coder_b,1,"Imagine there's no countries
It isn't hard to do
Nothing to kill or die for
Whoa, no
And no religion too
Imagine all possessions
I wonder if you can
No need for greed or for hunger
Whoa, no
A brotherhood of man",1,2026-02-25T08:31:50Z
69c17abda9feb860aee9a63dade7a22e,Big Mama,Latto,2024,1,92,https://genius.com/Latto-big-mama-lyrics,coder_a,0,About sex,1,2026-02-21T12:48:57Z
69c17abda9feb860aee9a63dade7a22e,Big Mama,Latto,2024,1,92,https://genius.com/Latto-big-mama-lyrics,coder_b,0,Song about being in a relationship.,1,2026-02-24T09:25:53Z
6a1cf981c94f1dc517f088a8dd43a217,Power,The Temptations,1980,9,43,https://genius.com/The-temptations-power-lyrics,coder_b,1,"All you poor, all you needy
All you're doin' is givin' to the greedy
All you poor, all you needy
All you're doin' is givin' to the greedy
Get off your knees, believe in me
I'll set you free",1,2026-02-24T22:58:52Z
6a1cf981c94f1dc517f088a8dd43a217,Power,The Temptations,1980,9,43,https://genius.com/The-temptations-power-lyrics,coder_a,1,"I have for you a master plan
To lead you to the Promised Land
I give you peace (Peace), I give you pride (Pride)
I save you from mass suicide
I'm your hope, your one salvation
I'm your one man United Nation",0.7,2026-02-21T14:27:12Z
6bd246c442e8005995b9d1d165508bde,Don't Cry For Me Argentina (Lea Michele Version),Glee Cast,2010,1,97,https://genius.com/Glee-cast-dont-cry-for-me-argentina-rachel-lea-michele-solo-version-lyrics,coder_a,0,about leaving Argentina,0.5,2026-02-22T16:45:04Z
6bd246c442e8005995b9d1d165508bde,Don't Cry For Me Argentina (Lea Michele Version),Glee Cast,2010,1,97,https://genius.com/Glee-cast-dont-cry-for-me-argentina-rachel-lea-michele-solo-version-lyrics,coder_b,0,Song is about leaving a relationship and love,1,2026-02-25T08:39:16Z
6be2c3310cc5821c5a65e737ae674b6c,Lifestyles Of The Rich And Famous,Good Charlotte,2003,20,20,https://genius.com/Good-charlotte-lifestyles-of-the-rich-and-famous-lyrics,coder_b,0,"I'd like to see them spend a week living life out on the street
I don't think they would survive
If they could spend a day or two walking in someone else's shoes
I think they'd stumble and they'd fall
They would fall, fall",1,2026-02-25T09:12:10Z
6be2c3310cc5821c5a65e737ae674b6c,Lifestyles Of The Rich And Famous,Good Charlotte,2003,20,20,https://genius.com/Good-charlotte-lifestyles-of-the-rich-and-famous-lyrics,coder_a,1,"Lifestyles of the rich and the famous
They're always complaining, always complaining
If money is such a problem
Well, they got mansions, think we should rob them

[Verse 2]
Well, did you know if you were famous you could
Kill your wife? And there's no such thing as 25 to life
As long as you've got the cash to pay for Cochran
And did you know if you were caught and you were
Smoking crack, McDonald's wouldn't even want to take you back?
You could always just run for mayor of D.C.​",1,2026-02-23T18:48:02Z
6be7e3950381706fc99b18f4065b45fb,Sing A Song/Make Your Own Kind Of Music,Barbra Streisand,1972,3,94,https://genius.com/Barbra-streisand-sing-make-your-own-kind-of-music-lyrics,coder_b,0,Song is just about singing and making your own music. No reference to politics,1,2026-02-14T22:45:19Z
6be7e3950381706fc99b18f4065b45fb,Sing A Song/Make Your Own Kind Of Music,Barbra Streisand,1972,3,94,https://genius.com/Barbra-streisand-sing-make-your-own-kind-of-music-lyrics,coder_a,0,"Song about singing and 'being yourself,' which has slight undertones, but not overt.",0.7,2026-02-15T16:15:44Z
6c838c89dca783c19ff9f2109138c475,Costafine Town,Splinter,1975,8,77,https://genius.com/Splinter-costafine-town-lyrics,coder_a,1,"Dirty old hole in the side of the road
For the man who cleans the streets
Open pub doors where the working class goes at night
Written on walls where the cats never crawl
For the glass along the top
Man, I was born there, I'm gonna walk right back",1,2026-02-26T17:49:45Z
6c838c89dca783c19ff9f2109138c475,Costafine Town,Splinter,1975,8,77,https://genius.com/Splinter-costafine-town-lyrics,coder_b,0,Song about coming home,1,2026-02-25T10:55:04Z
6cdecd3d1fe4952f5c96086aece41fb0,You Gonna Make Me Love Somebody Else,The Jones Girls,1979,11,38,https://genius.com/The-jones-girls-you-gonna-make-me-love-somebody-else-lyrics,coder_b,0,Song about love.,1,2026-02-24T23:59:12Z
6cdecd3d1fe4952f5c96086aece41fb0,You Gonna Make Me Love Somebody Else,The Jones Girls,1979,11,38,https://genius.com/The-jones-girls-you-gonna-make-me-love-somebody-else-lyrics,coder_a,0,love song,1,2026-02-22T15:06:18Z
6d5edc16ab9e365985b264df411ab334,Morning After,Mar-Keys,1961,6,60,https://genius.com/The-mar-keys-morning-after-lyrics,coder_b,0,Song about love.,1,2026-02-25T08:48:14Z
6d5edc16ab9e365985b264df411ab334,Morning After,Mar-Keys,1961,6,60,https://genius.com/The-mar-keys-morning-after-lyrics,coder_a,0,love song,1,2026-02-22T16:54:51Z
6d9ff2083031bae8de791739de3356cd,American Life,Madonna,2003,8,37,https://genius.com/Madonna-american-life-lyrics,coder_a,1,"American life (American life)
I live the American Dream (American Dream)
You are the best thing I've seen
You are not just a dream (American life)

[Verse 3]
I tried to stay ahead
I tried to stay on top
I tried to play the part
But somehow I forgot
Just what I did it for
And why I wanted more
This type of modern life, is it for me?
This type of modern life, is it for free?",0.9,2026-02-22T15:12:53Z
6d9ff2083031bae8de791739de3356cd,American Life,Madonna,2003,8,37,https://genius.com/Madonna-american-life-lyrics,coder_b,1,"Do I have to change my name?
Will it get me far?
Should I lose some weight?
Am I gonna be a star?

American life (American life)",1,2026-02-25T00:03:45Z
6eaec7f2f58753664bb84b4c14edd264,What Have They Done To The Rain,The Searchers,1965,7,29,https://genius.com/The-searchers-what-have-they-done-to-the-rain-lyrics,coder_b,0,Song about the rain.,1,2026-02-25T00:10:39Z
6eaec7f2f58753664bb84b4c14edd264,What Have They Done To The Rain,The Searchers,1965,7,29,https://genius.com/The-searchers-what-have-they-done-to-the-rain-lyrics,coder_a,1,"Just a little boy standing in the rain
The gentle rain that falls for years
And the grass is gone, the boy disappears
And rain keeps falling like helpless tears
And what have they done to the rain
What have they done to the rain",0.7,2026-02-22T15:24:34Z
6f54b7c7a0c3201a458b4d40efe5e605,If I Were A Carpenter...,Leon Russell,1974,5,73,https://genius.com/Leon-russell-if-i-were-a-carpenter-lyrics,coder_b,0,Song about a relationship,1,2026-02-24T22:51:10Z
6f54b7c7a0c3201a458b4d40efe5e605,If I Were A Carpenter...,Leon Russell,1974,5,73,https://genius.com/Leon-russell-if-i-were-a-carpenter-lyrics,coder_a,0,love song,0.7,2026-02-21T14:09:38Z
6fd1ea37a52668f4052aa646fdb6bd2b,Hopeless Romantic,Wiz Khalifa Featuring Swae Lee,2018,7,72,https://genius.com/Wiz-khalifa-hopeless-romantic-lyrics,coder_b,0,Song about being a hopeless romantic.,1,2026-02-25T08:55:18Z
6fd1ea37a52668f4052aa646fdb6bd2b,Hopeless Romantic,Wiz Khalifa Featuring Swae Lee,2018,7,72,https://genius.com/Wiz-khalifa-hopeless-romantic-lyrics,coder_a,0,love song,1,2026-02-22T17:09:56Z
6fd757634bf30d9c7277ebd292af88a0,Way Back Home,Jr. Walker & The All Stars,1972,9,52,https://genius.com/Junior-walker-and-the-all-stars-way-back-home-lyrics,coder_a,1,"Oh, there's good and bad things about the south, boy
Oh, and some leave a bitter taste in my mouth, now
Yeah, like the black man livin' across the track
White men were on the other side holdin' him back
Way back home, now",1,2026-02-23T18:07:31Z
6fd757634bf30d9c7277ebd292af88a0,Way Back Home,Jr. Walker & The All Stars,1972,9,52,https://genius.com/Junior-walker-and-the-all-stars-way-back-home-lyrics,coder_b,1,"Oh, there's good and bad things about the south, boy
Oh, and some leave a bitter taste in my mouth, now
Yeah, like the black man livin' across the track
White men were on the other side holdin' him back
Way back home, now",1,2026-02-25T08:56:59Z
713be6614a01967ad7c2b3b14db931ad,The Immigrant,Neil Sedaka,1975,10,22,https://genius.com/Neil-sedaka-the-immigrant-lyrics,coder_a,1,"About immigration, racism, and 'the American dream.'",1,2026-02-15T16:33:44Z
713be6614a01967ad7c2b3b14db931ad,The Immigrant,Neil Sedaka,1975,10,22,https://genius.com/Neil-sedaka-the-immigrant-lyrics,coder_b,1,Song is about immigration and making it to an exceptionalist America.,1,2026-02-14T23:00:15Z
71ccdb9b4d8e18c2cddfb58ed64a1843,Welfare Cadilac,Guy Drake,1970,14,63,https://genius.com/Guy-drake-welfare-cadillac-lyrics,coder_a,1,"I know the place ain't much
But I sure don't pay no rent
I get the check the first of every month
From this here federal government",1,2026-02-22T16:08:18Z
71ccdb9b4d8e18c2cddfb58ed64a1843,Welfare Cadilac,Guy Drake,1970,14,63,https://genius.com/Guy-drake-welfare-cadillac-lyrics,coder_b,1,"Every Wednesday, I get commodities
Sometimes, four or five sacks
Pick em up down at the welfare office
Driving that new Cadillac",0.9,2026-02-25T00:47:48Z
72f477fd586f9ab311ab35c9045f25e3,The Yard Went On Forever,Richard Harris,1968,6,64,https://genius.com/Richard-harris-the-yard-went-on-forever-lyrics,coder_b,1,"Is everybody safe?
Has everybody got a place to hide?
Is everybody warm inside?
All the women of Pompeii
Standing with the Nagasaki housewives in doorways
In eruptions and destructions on doomsday",1,2026-02-25T12:01:17Z
72f477fd586f9ab311ab35c9045f25e3,The Yard Went On Forever,Richard Harris,1968,6,64,https://genius.com/Richard-harris-the-yard-went-on-forever-lyrics,coder_a,1,"Is everybody safe?
Has everybody got a place to hide?
Is everybody warm inside?

[Verse 4]
Hear them singing
All the women of Pompeii
Standing with the Nagasaki housewives in doorways
In eruptions and destructions on doomsday",1,2026-03-02T17:48:27Z
733b6e51b0674d67fcc6b72f08bf068b,People Got To Be Free,The Rascals,1968,14,1,https://genius.com/The-young-rascals-people-got-to-be-free-lyrics,coder_a,1,"All the world over, so easy to see
People everywhere just wanna be free
Listen, please listen, that's the way it should be
Peace in the valley, people got to be free",1,2026-02-22T15:03:03Z
733b6e51b0674d67fcc6b72f08bf068b,People Got To Be Free,The Rascals,1968,14,1,https://genius.com/The-young-rascals-people-got-to-be-free-lyrics,coder_b,1,"All the world over, so easy to see
People everywhere just wanna be free
Listen, please listen, that's the way it should be
Peace in the valley, people got to be free",0.8,2026-02-24T23:55:15Z
747f2671a6944f39e6699c3af2e08973,Oh Louisiana,Beyonce,2024,1,70,https://genius.com/Beyonce-oh-louisiana-lyrics,coder_a,0,About missing her hometown.,0.9,2026-02-15T17:26:56Z
747f2671a6944f39e6699c3af2e08973,Oh Louisiana,Beyonce,2024,1,70,https://genius.com/Beyonce-oh-louisiana-lyrics,coder_b,0,Song is just about Louisiana,1,2026-02-16T23:31:04Z
74ae93479393f729dbb1a36e7c5fe258,Caribbean Blue,Enya,1992,8,79,https://genius.com/Enya-caribbean-blue-lyrics,coder_a,0,"not sure about this one, quite poetic, names the ancient Greek anemoi/wind gods",0,2026-02-21T13:08:39Z
74ae93479393f729dbb1a36e7c5fe258,Caribbean Blue,Enya,1992,8,79,https://genius.com/Enya-caribbean-blue-lyrics,coder_b,0,Song about colours - though other languages are here.,0.9,2026-02-24T09:49:41Z
75537f09778d340ecf4fd8c121422d85,Fish Ain't Bitin',Lamont Dozier,1974,12,26,https://genius.com/Lamont-dozier-fish-aint-bitin-lyrics,coder_b,1,"And meanwhile in D.C
Tricky Dick is trying to be slick
And the short end of the stick
Is all I'm gonna get it
Tricky Dick, please quit",1,2026-02-24T08:36:40Z
75537f09778d340ecf4fd8c121422d85,Fish Ain't Bitin',Lamont Dozier,1974,12,26,https://genius.com/Lamont-dozier-fish-aint-bitin-lyrics,coder_a,1,"I'm running last in this human race
Tryin' to get over this hopeless place
Trying to fight with no defense
And I can't win with no confidence
And meanwhile in D.C
Tricky Dick is trying to be slick
And the short end of the stick
Is all I'm gonna get it
Tricky Dick, please quit",1,2026-02-21T12:34:43Z
756c7c5dd3eb48b18c6c69e263a02857,(Don't Worry) If There's A Hell Below We're All Going To Go,Curtis Mayfield,1971,12,29,https://genius.com/Curtis-mayfield-dont-worry-if-theres-a-hell-below-were-all-going-to-go-lyrics,coder_b,1,"Last night, I was so depressed
And I went and got the Bible
And I turned to the book of Revelations
And if people would just get and read the Bible
And read the book of Revelations
They would really turn around and straighten up
This is all we need to do, is just get the good book
Sisters
Brothers and the whiteys
Blacks and the crackers
Police and their backers
They're all political actors",1,2026-02-25T10:12:26Z
756c7c5dd3eb48b18c6c69e263a02857,(Don't Worry) If There's A Hell Below We're All Going To Go,Curtis Mayfield,1971,12,29,https://genius.com/Curtis-mayfield-dont-worry-if-theres-a-hell-below-were-all-going-to-go-lyrics,coder_a,1,"Sisters
Brothers and the whiteys
Blacks and the crackers
Police and their backers
They're all political actors",1,2026-02-24T20:35:12Z
7675b0582a9679ae32fa8e2b9a610c92,(You Don't Know) How Glad I Am,Nancy Wilson,1964,11,11,https://genius.com/Nancy-wilson-you-dont-know-how-glad-i-am-lyrics,coder_a,0,love song,1,2026-02-22T15:42:40Z
7675b0582a9679ae32fa8e2b9a610c92,(You Don't Know) How Glad I Am,Nancy Wilson,1964,11,11,https://genius.com/Nancy-wilson-you-dont-know-how-glad-i-am-lyrics,coder_b,0,Song about love,1,2026-02-25T00:21:41Z
7748bea29ef864e4d3bee7e0c4511ae3,The Great Commandment,Camouflage,1989,12,59,https://genius.com/Camouflage-the-great-commandment-lyrics,coder_b,1,"The great commandment shows the contempt
Between the world and their embarrassing pavement
Believe the scholars, read the readings
Realize the man who says anything
The great commandment",1,2026-02-25T11:47:30Z
7748bea29ef864e4d3bee7e0c4511ae3,The Great Commandment,Camouflage,1989,12,59,https://genius.com/Camouflage-the-great-commandment-lyrics,coder_a,1,"Some people suppress you
They parch you
And reap a disaster
Re-education for the infants
Who demanded for an innocent instance

[Chorus]
The great commandment shows the contempt
Between the world and their embarrassing pavement
Believe the scholars, read the readings
Realize the man who says anything
The great commandment",1,2026-03-02T17:35:23Z
774962510e981c1810169d917d91842a,Cryin',Aerosmith,1993,26,12,https://genius.com/Aerosmith-cryin-lyrics,coder_b,0,Song about being in a relationship,1,2026-02-25T09:07:17Z
774962510e981c1810169d917d91842a,Cryin',Aerosmith,1993,26,12,https://genius.com/Aerosmith-cryin-lyrics,coder_a,0,love song,1,2026-02-23T18:36:09Z
77936e42b23618b3adf4a835876cb8a7,Chinese Democracy,Guns N' Roses,2008,3,34,https://genius.com/Guns-n-roses-chinese-democracy-lyrics,coder_a,1,"f they were missionaries
Real-time visionaries
Sittin' in a Chinese stew
To view my disinfatuation
I know that I'm a classic case
Watch my disenchanted face
Blame it on the Falun Gong
They've seen the end and you can't hold on, now

[Pre-Chorus]
'Cause it would take a lot more hate than you
To end the fascination
Even with an iron fist
More than you got, to rule the nation
When all I've got is precious time",1,2026-02-23T19:03:17Z
77936e42b23618b3adf4a835876cb8a7,Chinese Democracy,Guns N' Roses,2008,3,34,https://genius.com/Guns-n-roses-chinese-democracy-lyrics,coder_b,1,"If they were missionaries
Real-time visionaries
Sittin' in a Chinese stew
To view my disinfatuation
'Cause it would take a lot more hate than you
To end the fascination
Even with an iron fist
More than you got, to rule the nation
When all I've got is precious time",0.9,2026-02-25T09:18:36Z
7826d4ba4146741e6b79ee034ee9f7e9,The Young New Mexican Puppeteer,Tom Jones,1972,7,80,https://genius.com/Tom-jones-the-young-new-mexican-puppeteer-lyrics,coder_a,1,"First he carved out young Abe Lincoln
Abe will teach 'em civil rights
Then a King named Martin Luther
So they'd recall his peaceful fight

Old Mark Twain, his wit and wisdom
Will surely show them life is fun
But he smiled with satisfaction
When the Prince of Peace was done",1,2026-02-21T14:48:49Z
7826d4ba4146741e6b79ee034ee9f7e9,The Young New Mexican Puppeteer,Tom Jones,1972,7,80,https://genius.com/Tom-jones-the-young-new-mexican-puppeteer-lyrics,coder_b,1,"The young New Mexican puppeteer
He saw the people all lived in fear
He thought that maybe they'd listen to
A puppet telling them what to do
First he carved out young Abe Lincoln
Abe will teach 'em civil rights
Then a King named Martin Luther
So they'd recall his peaceful fight",1,2026-02-24T23:19:48Z
78322a634f87d2d3877b95081fc7f676,Love And Desire (Part I),Arpeggio,1979,5,70,https://genius.com/Arpeggio-love-and-desire-lyrics,coder_b,0,Song about love,1,2026-02-25T11:07:22Z
78322a634f87d2d3877b95081fc7f676,Love And Desire (Part I),Arpeggio,1979,5,70,https://genius.com/Arpeggio-love-and-desire-lyrics,coder_a,0,love song,1,2026-02-26T18:41:03Z
785a30683635d17d237c14375ffce2c3,Until It's Time For You To Go,Neil Diamond,1970,6,53,https://genius.com/Neil-diamond-until-its-time-for-you-to-go-lyrics,coder_a,0,love song,1,2026-02-24T21:06:11Z
785a30683635d17d237c14375ffce2c3,Until It's Time For You To Go,Neil Diamond,1970,6,53,https://genius.com/Neil-diamond-until-its-time-for-you-to-go-lyrics,coder_b,1,Song about being human and love,0.8,2026-02-25T10:50:14Z
78e6096d84a8bf0a8b0fea2fde0b9048,All Touch,Rough Trade,1983,7,58,https://genius.com/Rough-trade-all-touch-lyrics,coder_a,0,Song about a failing relationship.,1,2026-02-15T16:56:17Z
78e6096d84a8bf0a8b0fea2fde0b9048,All Touch,Rough Trade,1983,7,58,https://genius.com/Rough-trade-all-touch-lyrics,coder_b,0,Song is about contact/fighting - not related to politics,1,2026-02-16T22:17:54Z
7a00ce9f3c11a042789f45438bfbb7e1,Piano Man,Billy Joel,1974,14,25,https://genius.com/Billy-joel-piano-man-lyrics,coder_a,1,"Now Paul is a real estate novelist
Who never had time for a wife
And he's talkin' with Davy, who's still in the navy
And probably will be for life
And the waitress is practicing politics
As the businessmen slowly get stoned
Yes, they're sharing a drink they call loneliness
But it's better than drinkin' alone",1,2026-02-22T16:42:08Z
7a00ce9f3c11a042789f45438bfbb7e1,Piano Man,Billy Joel,1974,14,25,https://genius.com/Billy-joel-piano-man-lyrics,coder_b,0,"Song is about feeling disatisfied with life. Could be seen as political as lyrics state: 
Now Paul is a real estate novelist
Who never had time for a wife
And he's talkin' with Davy, who's still in the navy
And probably will be for life
And the waitress is practicing politics
As the businessmen slowly get stoned
Yes, they're sharing a drink they call loneliness
But it's better than drinkin' alone",0.7,2026-02-25T08:37:35Z
7b8e0f248f8c3a2bbdcef01747a3db20,Recover Your Soul,Elton John,1998,20,55,https://genius.com/Elton-john-recover-your-soul-lyrics,coder_a,0,love song,0.6,2026-02-22T16:52:14Z
7b8e0f248f8c3a2bbdcef01747a3db20,Recover Your Soul,Elton John,1998,20,55,https://genius.com/Elton-john-recover-your-soul-lyrics,coder_b,0,Song about recovering and healing,1,2026-02-25T08:46:52Z
7bc4fb47d94d186e91c0691ec70049a2,Cult Of Personality,Living Colour,1989,15,13,https://genius.com/Living-colour-cult-of-personality-lyrics,coder_a,1,"I sell the things you need to be
I'm the smiling face on your TV
Oh, I'm the cult of personality
I exploit you, still you love me
I tell you one and one makes three
Oh, I'm the cult of personality
Like Joseph Stalin and Gandhi
Oh, I'm the cult of personality",1,2026-02-23T18:26:46Z
7bc4fb47d94d186e91c0691ec70049a2,Cult Of Personality,Living Colour,1989,15,13,https://genius.com/Living-colour-cult-of-personality-lyrics,coder_b,1,"Oh, I'm the cult of personality
Like Mussolini and Kennedy
I'm the cult of personality",1,2026-02-25T09:04:57Z
7cfd9ed5538ad36765aa9d2841ee7a9d,The Dawn Of Correction,The Spokesmen,1965,7,36,https://genius.com/The-spokesmen-the-dawn-of-correction-lyrics,coder_b,1,Song is about communism and its threats. Mentions war and IOs,1,2026-02-16T22:36:45Z
7cfd9ed5538ad36765aa9d2841ee7a9d,The Dawn Of Correction,The Spokesmen,1965,7,36,https://genius.com/The-spokesmen-the-dawn-of-correction-lyrics,coder_a,1,"It is a direct rebuke of 'Eve of Destruction,' a famous political song. This antithesis essentially put forward more realist, pro-Vietnam War and anti-communist ideologies.",1,2026-02-15T17:09:31Z
7dbf4dcd66dfa286f53c57fe14aef23c,Original Sin,INXS,1984,7,58,https://genius.com/Inxs-original-sin-single-edit-lyrics,coder_b,0,Song seems to be about dreaming on about life and waking up in the new day. Potentially political?,0.6,2026-02-24T13:49:53Z
7dbf4dcd66dfa286f53c57fe14aef23c,Original Sin,INXS,1984,7,58,https://genius.com/Inxs-original-sin-single-edit-lyrics,coder_a,1,"About inter-racial relationships: Dream on, white boy
Dream on, black girl
And wake up to a brand new day
To find your dreams have washed away

[Verse 2]
There was a time when I did not care
And there was a time when the facts did stare
There is a dream, and it's held by many
Well, I'm sure you had to see
It’s open arms",0.6,2026-02-21T13:26:13Z
7e17ac4433554704e7494138e6fcbab1,The Power Of Love,Celine Dion,1994,33,1,https://genius.com/Celine-dion-the-power-of-love-lyrics,coder_a,0,love song,1,2026-02-26T17:59:12Z
7e17ac4433554704e7494138e6fcbab1,The Power Of Love,Celine Dion,1994,33,1,https://genius.com/Celine-dion-the-power-of-love-lyrics,coder_b,0,Song about love,1,2026-02-25T10:58:13Z
7ec5664f0d93964e39ae6749d2e8d83b,For What It's Worth,The Staple Singers,1967,4,66,https://genius.com/The-staple-singers-for-what-its-worth-lyrics,coder_b,1,"Something happen in here
What it is ain't exactly clear
There's a man with a gun over there
Telling me I got to beware
What a field day for the heat
A thousand people in the street
Singing songs and carrying signs
Mostly say, hooray, for our side",1,2026-02-25T08:44:14Z
7ec5664f0d93964e39ae6749d2e8d83b,For What It's Worth,The Staple Singers,1967,4,66,https://genius.com/The-staple-singers-for-what-its-worth-lyrics,coder_a,1,The original by Buffalo Springfield is about the Vietnam War,1,2026-02-22T16:49:42Z
7ed4e7999237c4b6374b8e7fa50a3d01,Walking On A Thin Line,Huey Lewis & The News,1984,15,18,https://genius.com/Huey-lewis-and-the-news-walking-on-a-thin-line-lyrics,coder_b,1,"The one you find so easy to ignore
Is that what I was fighting for?
aught me how to shoot to kill
A specialist with a deadly skill
A skill I needed to have to be a survivor
Walking on a thin line
Straight off the front line",0.8,2026-02-25T12:03:11Z
7ed4e7999237c4b6374b8e7fa50a3d01,Walking On A Thin Line,Huey Lewis & The News,1984,15,18,https://genius.com/Huey-lewis-and-the-news-walking-on-a-thin-line-lyrics,coder_a,1,about PTSD and war,1,2026-03-02T17:52:08Z
7f160ea9f5bf1937e74c5039cd4d2b89,To Susan On The West Coast Waiting,Donovan,1969,6,35,https://genius.com/Donovan-to-susan-on-the-west-coast-waiting-lyrics,coder_b,1,"To Susan on the west coast waiting
From Andy in Vietnam fighting
To Susan on the west coast waiting",1,2026-02-24T13:45:50Z
7f160ea9f5bf1937e74c5039cd4d2b89,To Susan On The West Coast Waiting,Donovan,1969,6,35,https://genius.com/Donovan-to-susan-on-the-west-coast-waiting-lyrics,coder_a,1,"About the Vietnam war: To Susan on the west coast waiting
From Andy in Vietnam fighting
To Susan on the west coast waiting
From Andy in Vietnam fighting",1,2026-02-21T13:20:17Z
7fd66512349cd58f876ef2521d806df2,Electric Avenue,Eddy Grant,1983,22,2,https://genius.com/Eddy-grant-electric-avenue-lyrics,coder_b,1,"Now in the street, there is violence
And a lots of work to be done
No place to hang out the washing
And I can't blame all on the sun, oh no
Working so hard like a soldier
Can't afford a thing on TV
Deep in my heart, I abhor ya
Can't get food for the kid, good God",1,2026-02-25T10:33:16Z
7fd66512349cd58f876ef2521d806df2,Electric Avenue,Eddy Grant,1983,22,2,https://genius.com/Eddy-grant-electric-avenue-lyrics,coder_a,1,"Working so hard like a soldier
Can't afford a thing on TV
Deep in my heart, I abhor ya
Can't get food for the kid, good God",1,2026-02-24T21:01:29Z
80676a518b684e119d2754aaafe12d02,I Hate It Here,Taylor Swift,2024,3,34,https://genius.com/Taylor-swift-i-hate-it-here-lyrics,coder_b,1,"We wished we could live in instead of this
I'd say the 1830s but without all the racists
And getting married off for the highest bid
Everyone would look down 'cause it wasn't fun now
Seems like it was never even fun back then
Nostalgia is a mind's trick",0.7,2026-02-25T09:07:51Z
80676a518b684e119d2754aaafe12d02,I Hate It Here,Taylor Swift,2024,3,34,https://genius.com/Taylor-swift-i-hate-it-here-lyrics,coder_a,1,"I'd say the 1830s but without all the racists
And getting married off for the highest bid",0.4,2026-02-23T18:38:29Z
813e080a60bbbb04d7130add212544a6,Patches,Clarence Carter,1970,14,4,https://genius.com/Clarence-carter-patches-lyrics,coder_a,1,About being working class and in poverty,1,2026-02-15T17:46:16Z
813e080a60bbbb04d7130add212544a6,Patches,Clarence Carter,1970,14,4,https://genius.com/Clarence-carter-patches-lyrics,coder_b,0,Song is about taking care of your family.,0.8,2026-02-17T22:19:38Z
816f389a35aa605d91e08c8426e93f97,People Gotta Move,Gino Vannelli,1974,13,22,https://genius.com/Gino-vannelli-people-gotta-move-lyrics,coder_b,0,A song about dancing,1,2026-02-25T11:11:45Z
816f389a35aa605d91e08c8426e93f97,People Gotta Move,Gino Vannelli,1974,13,22,https://genius.com/Gino-vannelli-people-gotta-move-lyrics,coder_a,0,about dancing,1,2026-02-26T18:59:26Z
81731f88cede666b375ddb355596dd78,Help Is On The Way,Rise Against,2011,1,89,https://genius.com/Rise-against-help-is-on-the-way-lyrics,coder_a,1,"Can nobody save us? Will anyone try?
The bayou is burning, the cypress has died
And all alone they're saying

[Chorus]
Help is on the way (They said, they said)
Help is on the way (They said, they said)
One by land, two by sea, right there in front of me
Help is on the way

[Verse 2]
Five thousand feet below, as black smoke engulfs the sky
The ocean floor explodes, eleven mothers cry",0.8,2026-02-23T18:40:52Z
81731f88cede666b375ddb355596dd78,Help Is On The Way,Rise Against,2011,1,89,https://genius.com/Rise-against-help-is-on-the-way-lyrics,coder_b,1,"Can nobody save us? Will anyone try?
The bayou is burning, the cypress has died
And all alone they're saying
Help is on the way (They said, they said)
Help is on the way (They said, they said)
One by land, two by sea, right there in front of me",1,2026-02-25T09:08:26Z
81c447a5b557fc348614d5024461f5d9,My Lovin' (You're Never Gonna Get It),En Vogue,1992,30,2,https://genius.com/En-vogue-my-lovin-youre-never-gonna-get-it-lyrics,coder_a,0,love song,1,2026-02-16T18:17:39Z
81c447a5b557fc348614d5024461f5d9,My Lovin' (You're Never Gonna Get It),En Vogue,1992,30,2,https://genius.com/En-vogue-my-lovin-youre-never-gonna-get-it-lyrics,coder_b,0,Song is about someone not loving the other.,1,2026-02-17T23:56:17Z
82cd1b38c0716618bdc1e612210619e9,Charlie,Tom MacDonald,2025,1,77,https://genius.com/Tom-macdonald-charlie-lyrics,coder_a,1,"Shot down and he was barely thirty-one
Another woke coward took a life with a gun
He left behind a wife and a daughter and a son
All he did was try to speak for all of us
And I'm so tired of the hatred and the narratives
The patriots ain't dangerous, woke people are the terrorists
They shot and killed the father, sent a message to Americans
They ain't gonna stop until they bury us
Dear Charlie, I don't know if you can see us now
But if Heaven has a window, I sure hope you'rе looking down
'Cause we ain't going quiet, wе gon' scream your name loud
And you're gone, but I swear to God that we gon' make you proud",1,2026-02-24T20:56:02Z
82cd1b38c0716618bdc1e612210619e9,Charlie,Tom MacDonald,2025,1,77,https://genius.com/Tom-macdonald-charlie-lyrics,coder_b,1,"Shot down and he was barely thirty-one
Another woke coward took a life with a gun
He left behind a wife and a daughter and a son
All he did was try to speak for all of us
And I'm so tired of the hatred and the narratives
The patriots ain't dangerous, woke people are the terrorists
They shot and killed the father, sent a message to Americans
They ain't gonna stop until they bury us
Dear Charlie, I don't know if you can see us now
But if Heaven has a window, I sure hope you'rе looking down
'Cause we ain't going quiet, wе gon' scream your name loud
And you're gone, but I swear to God that we gon' make you proud",1,2026-02-25T10:29:36Z
82d402566a8509ccf083a685cfda1173,Timeless (Taylor's Version) (From The Vault),Taylor Swift,2023,1,48,https://genius.com/Taylor-swift-timeless-taylors-version-from-the-vault-lyrics,coder_a,0,love song.,1,2026-02-15T17:54:17Z
82d402566a8509ccf083a685cfda1173,Timeless (Taylor's Version) (From The Vault),Taylor Swift,2023,1,48,https://genius.com/Taylor-swift-timeless-taylors-version-from-the-vault-lyrics,coder_b,0,Song is a love song,1,2026-02-17T22:42:52Z
8304e63f425e65fcd890905eec1b79e4,Scarborough Fair (/Canticle),Simon & Garfunkel,1968,11,11,https://genius.com/Simon-and-garfunkel-scarborough-fair-canticle-lyrics,coder_b,1,"Song about going to scarborough fair but mentions Tell her to reap it with a sickle of leather
War bellows, blazing in scarlet battalions
Parsley, sage, rosemary, and thyme
Generals order their soldiers to kill
And gather it all in a bunch of heather
And to fight for a cause they've long ago forgotten
Then she'll be a true love of mine",0.9,2026-02-25T00:54:43Z
8304e63f425e65fcd890905eec1b79e4,Scarborough Fair (/Canticle),Simon & Garfunkel,1968,11,11,https://genius.com/Simon-and-garfunkel-scarborough-fair-canticle-lyrics,coder_a,1,"Tell her to reap it with a sickle of leather
War bellows, blazing in scarlet battalions
Parsley, sage, rosemary, and thyme
Generals order their soldiers to kill
And gather it all in a bunch of heather
And to fight for a cause they've long ago forgotten
Then she'll be a true love of mine",1,2026-02-22T16:21:18Z
831d3aaf07114ff39ba39661450f32e9,The One On The Right Is On The Left,Johnny Cash,1966,6,46,https://genius.com/Johnny-cash-the-one-on-the-right-is-on-the-left-lyrics,coder_b,1,"They performed with great virtuosity
And soon they were the rage
But political animosity prevailed upon the stage

Well, the one on the right was on the left
And the one in the middle was on the right
And the one on the left was in the middle
And the guy in the rear burned his driver's license",1,2026-02-25T10:05:31Z
831d3aaf07114ff39ba39661450f32e9,The One On The Right Is On The Left,Johnny Cash,1966,6,46,https://genius.com/Johnny-cash-the-one-on-the-right-is-on-the-left-lyrics,coder_a,1,"They were long on musical ability
Folks thought they would go far
But political incompatibility led to their downfall

Well, the one on the right was on the left
And the one in the middle was on the right
And the one on the left was in the middle
And the guy in the rear was a Methodist",1,2026-02-24T20:26:43Z
83e806a0970111ace71e4d979ff50fc4,Energy Crisis '74,Dickie Goodman,1974,8,33,https://genius.com/Dickie-goodman-energy-crisis-74-lyrics,coder_a,1,"We're here at the White House
For a special report on the Energy Crisis

Mr. President, have you any statement?
(Leave me alone, just leave me alone)

Mr. President, what really caused the Energy Crisis?
(Smokin' in the boy's room)

During the crisis, how much gas will motorists be allowed?
(Just enough for the city)

Who do you believe the gas shortage will affect most?
(Helen, Helen Wheels)",1,2026-02-21T12:23:31Z
83e806a0970111ace71e4d979ff50fc4,Energy Crisis '74,Dickie Goodman,1974,8,33,https://genius.com/Dickie-goodman-energy-crisis-74-lyrics,coder_b,1,"We're here at the White House
For a special report on the Energy Crisis

Mr. President, have you any statement?

Here with me is the new Vice President, Chevy Ford
Sir, how would you sum up the gas shortage?
(Goodbye yellow brick road)

We have a long distance call from Saudi Arabia
King Faisal, is that you?",1,2026-02-24T08:08:44Z
84201ba40b12d21a64204bff162bf549,Get Back,Roy Head,1966,2,88,https://genius.com/Roy-head-get-back-lyrics,coder_a,0,Love song.,1,2026-02-15T17:22:24Z
84201ba40b12d21a64204bff162bf549,Get Back,Roy Head,1966,2,88,https://genius.com/Roy-head-get-back-lyrics,coder_b,0,Song is about a relationship,1,2026-02-16T22:44:27Z
845d1bcf9e873754a039c6fa090a1f04,Party People,Nelly Featuring Fergie,2008,10,40,https://genius.com/Nelly-party-people-lyrics,coder_b,0,Song is about partying.,1,2026-02-18T23:06:56Z
845d1bcf9e873754a039c6fa090a1f04,Party People,Nelly Featuring Fergie,2008,10,40,https://genius.com/Nelly-party-people-lyrics,coder_a,0,about partying,1,2026-02-16T18:27:07Z
8501172ee89e5e69574358bdad020688,Harry Truman,Chicago,1975,9,13,https://genius.com/Chicago-harry-truman-lyrics,coder_b,1,"America needs you, Harry Truman
Harry, could you please come home?
Things are looking bad
I know you would be mad
To see what kind of men
Prevail upon the land you love",1,2026-02-25T12:08:05Z
8501172ee89e5e69574358bdad020688,Harry Truman,Chicago,1975,9,13,https://genius.com/Chicago-harry-truman-lyrics,coder_a,1,"America needs you, Harry Truman
Harry, could you please come home?
Things are looking bad
I know you would be mad
To see what kind of men
Prevail upon the land you love

[Verse 2: Robert Lamm]
America's wondering, ""How we got here?""
Harry, all we get is lies
We're getting safer cars
Rocket ships to Mars
From men who'd sell us out
To get themselves a piece of power",1,2026-03-02T17:59:57Z
8570d3b5512c6d8436eeff041923959e,Jessie,Joshua Kadison,1994,22,26,https://genius.com/Joshua-kadison-jessie-lyrics,coder_a,0,Love song.,1,2026-02-15T16:50:16Z
8570d3b5512c6d8436eeff041923959e,Jessie,Joshua Kadison,1994,22,26,https://genius.com/Joshua-kadison-jessie-lyrics,coder_b,0,Song is about dreaming of running away with a partner to a remote location with their cat.,1,2026-02-14T23:26:41Z
85946f6de4df532aff27c706fb83fbeb,If I Ruled The World,Nas,1996,20,53,https://genius.com/Nas-if-i-ruled-the-world-imagine-that-lyrics,coder_a,1,"Imagine smokin' weed in the street without cops harassin'
Imagine goin' to court with no trial
Lifestyle, cruisin' blue Bahama waters
No welfare supporters, more conscious of the way we raise our daughters
Days are shorter, nights are colder
Feelin' like life is over, these snakes strike like a cobra
The world's hot, my son got knocked, evidently
It's elementary, they want us all gone eventually",1,2026-02-21T13:23:33Z
85946f6de4df532aff27c706fb83fbeb,If I Ruled The World,Nas,1996,20,53,https://genius.com/Nas-if-i-ruled-the-world-imagine-that-lyrics,coder_b,1,"magine smokin' weed in the street without cops harassin'
Imagine goin' to court with no trial
Lifestyle, cruisin' blue Bahama waters
No welfare supporters, more conscious of the way we raise our daughters",1,2026-02-24T13:47:45Z
864f76b11f3369034b4bc75959d08d2b,Am I Black Enough For You,Billy Paul,1973,5,79,https://genius.com/Billy-paul-am-i-black-enough-for-you-lyrics,coder_b,1,Song is about racial divides,1,2026-02-16T22:37:19Z
864f76b11f3369034b4bc75959d08d2b,Am I Black Enough For You,Billy Paul,1973,5,79,https://genius.com/Billy-paul-am-i-black-enough-for-you-lyrics,coder_a,1,About civil rights.,1,2026-02-15T17:10:17Z
869dc4cbb95b88990ad030b79b442372,Crazy Love,Poco,1979,14,17,https://genius.com/Poco-crazy-love-lyrics,coder_b,0,Song about love,1,2026-02-25T00:55:00Z
869dc4cbb95b88990ad030b79b442372,Crazy Love,Poco,1979,14,17,https://genius.com/Poco-crazy-love-lyrics,coder_a,0,love song,1,2026-02-22T16:22:34Z
877aa6c3fc08c5e6139ae1bdc9bb831f,Where Have All The Flowers Gone,Johnny Rivers,1965,9,26,https://genius.com/Johnny-rivers-where-have-all-the-flowers-gone-lyrics,coder_a,1,Song about war.,1,2026-02-15T16:53:51Z
877aa6c3fc08c5e6139ae1bdc9bb831f,Where Have All The Flowers Gone,Johnny Rivers,1965,9,26,https://genius.com/Johnny-rivers-where-have-all-the-flowers-gone-lyrics,coder_b,1,Song talks about soldiers dying and people growing up through stages of life.,0.5,2026-02-14T23:33:35Z
88601f5337ecda6c8ba9fc79aa99e44f,Love Me Tonight,Head East,1976,6,54,https://genius.com/Head-east-love-me-tonight-lyrics,coder_b,0,Song about love,1,2026-02-25T08:29:45Z
88601f5337ecda6c8ba9fc79aa99e44f,Love Me Tonight,Head East,1976,6,54,https://genius.com/Head-east-love-me-tonight-lyrics,coder_a,0,love song,1,2026-02-22T16:29:07Z
8874e84021d932c27f306c436eba3264,Your Cash Ain't Nothin' But Trash,The Steve Miller Band,1974,7,51,https://genius.com/Steve-miller-band-your-cash-aint-nothin-but-trash-lyrics,coder_b,1,"Police station, next stop (What's the trouble here, man? What's the trouble, huh?)
The judge swung his fist down, plunk-plunk
A twenty dollar fine cause you're drunk
Dig up the dough and you can go",0.7,2026-02-24T22:44:49Z
8874e84021d932c27f306c436eba3264,Your Cash Ain't Nothin' But Trash,The Steve Miller Band,1974,7,51,https://genius.com/Steve-miller-band-your-cash-aint-nothin-but-trash-lyrics,coder_a,0,About being rich and drunk,0.8,2026-02-21T13:54:03Z
88c4768c5702a710d6f6437d3e395dda,Sex Crime (Nineteen Eighty-Four),Eurythmics,1984,4,81,https://genius.com/Eurythmics-sex-crime-1984-live-lyrics,coder_a,1,Its about 1984 by George Orwell which is a very political book.,0.8,2026-02-21T13:32:57Z
88c4768c5702a710d6f6437d3e395dda,Sex Crime (Nineteen Eighty-Four),Eurythmics,1984,4,81,https://genius.com/Eurythmics-sex-crime-1984-live-lyrics,coder_b,1,"Not sure if Nineteen-Eighty-Four is a significant date in terms of politics and this topic.
Sex crimes can also be considered political?",0.6,2026-02-24T13:54:19Z
88d614aad518dc98c7ea42953bed6907,Why We Thugs,Ice Cube,2006,2,92,https://genius.com/Ice-cube-why-we-thugs-lyrics,coder_b,1,"They give us guns and drugs
Then wonder why in the fuck we thugs
They wanna count the slugs
Then come around here and fuck with us
Bush run shit like Saddam Hussein
I cock and aim, clinically insane",1,2026-02-25T08:49:19Z
88d614aad518dc98c7ea42953bed6907,Why We Thugs,Ice Cube,2006,2,92,https://genius.com/Ice-cube-why-we-thugs-lyrics,coder_a,1,"They give us guns and drugs
Then wonder why in the fuck we thugs
They wanna count the slugs
Then come around here and fuck with us",1,2026-02-22T16:57:30Z
894441050aaad867a005ab2e7ef46cf8,Big Yellow Taxi,Joni Mitchell,1975,16,24,https://genius.com/Joni-mitchell-big-yellow-taxi-lyrics,coder_a,1,"Hey farmer, farmer, put away the DDT now
Give me spots on my apples
But leave me the birds and the bees, please

[Chorus]
Don't it always seem to go
That you don't know what you've got 'til it's gone?
They paved paradise, put up a parking lot",1,2026-02-24T20:54:20Z
894441050aaad867a005ab2e7ef46cf8,Big Yellow Taxi,Joni Mitchell,1975,16,24,https://genius.com/Joni-mitchell-big-yellow-taxi-lyrics,coder_b,1,"Hey farmer, farmer, put away the DDT now
Give me spots on my apples
But leave me the birds and the bees, please

[Chorus]
Don't it always seem to go
That you don't know what you've got 'til it's gone?
They paved paradise, put up a parking lot",1,2026-02-25T10:28:14Z
896a4ed2bf75bf3e1dcbe5588a48cd21,The Exodus Song (This Land Is Mine),Pat Boone,1961,6,64,https://genius.com/Pat-boone-the-exodus-song-this-land-is-mine-1963-lyrics,coder_a,1,"So, take my hand and walk this land with me
And walk this golden land with me
Though I am just a man, when you are by my side
With the help of God, I know I can be strong

[Outro]
To make this land our own
If I must fight, I'll fight to make this land our home
Until I die, this land is mine",0.7,2026-02-24T20:14:56Z
896a4ed2bf75bf3e1dcbe5588a48cd21,The Exodus Song (This Land Is Mine),Pat Boone,1961,6,64,https://genius.com/Pat-boone-the-exodus-song-this-land-is-mine-1963-lyrics,coder_b,1,"This land is mine, God gave this land to me
This brave, this ancient land to me
And when the morning sun reveals her hills and plains
Then, I see a land where children can run free
To make this land our own
If I must fight, I'll fight to make this land our home
Until I die, this land is mine",0.5,2026-02-25T09:23:45Z
8a63be2718020fa1c0f13eb433f8a1b9,For What It's Worth (Stop; Hey What's That Sound),Buffalo Springfield,1967,15,7,https://genius.com/Buffalo-springfield-for-what-its-worth-lyrics,coder_b,1,"Song is about resistance, war and protests. Is political",0.5,2026-02-14T23:35:35Z
8a63be2718020fa1c0f13eb433f8a1b9,For What It's Worth (Stop; Hey What's That Sound),Buffalo Springfield,1967,15,7,https://genius.com/Buffalo-springfield-for-what-its-worth-lyrics,coder_a,1,Vietnam War protest song.,1,2026-02-15T16:55:13Z
8a869a74fefa157e6c39d1c7bdbb2389,Steamy Windows,Tina Turner,1990,11,39,https://genius.com/Tina-turner-steamy-windows-lyrics,coder_a,0,Love song,1,2026-02-15T17:27:21Z
8a869a74fefa157e6c39d1c7bdbb2389,Steamy Windows,Tina Turner,1990,11,39,https://genius.com/Tina-turner-steamy-windows-lyrics,coder_b,0,Song is about a relationship,1,2026-02-16T23:31:34Z
8b5e0c15489de35776a7a912ee246094,It's The End Of The World As We Know It (And I Feel Fine),R.E.M.,1988,9,69,https://genius.com/Rem-its-the-end-of-the-world-as-we-know-it-and-i-feel-fine-lyrics,coder_a,1,About the end of the world due to various political events,1,2026-02-21T12:12:22Z
8b5e0c15489de35776a7a912ee246094,It's The End Of The World As We Know It (And I Feel Fine),R.E.M.,1988,9,69,https://genius.com/Rem-its-the-end-of-the-world-as-we-know-it-and-i-feel-fine-lyrics,coder_b,1,"Wire in a fire, representing seven games
And a government for hire and a combat site

Uh-oh, overflow, population, common food

You vitriolic, patriotic, slam fight, bright light
Feeling pretty psyched",1,2026-02-22T23:57:06Z
8b8b977620781e4bbfbb6aa4cfdaed17,Time Seller,The Spencer Davis Group,1967,1,100,https://genius.com/The-spencer-davis-group-time-seller-lyrics,coder_b,0,Song is about time - potentially about heaven or not having enough time in life?,0.5,2026-02-17T23:13:11Z
8b8b977620781e4bbfbb6aa4cfdaed17,Time Seller,The Spencer Davis Group,1967,1,100,https://genius.com/The-spencer-davis-group-time-seller-lyrics,coder_a,1,"Metaphor about time? Seems there is some political messaging surrounding poverty with ""Money is chocolate, wrapped in a silver cloud
Everybody would, but no one is allowed
There's no tomorrow, only today
When it rains, it rains lemonade""",0.5,2026-02-16T18:12:48Z
8c4c87c0bb81d489930ab04ca2536926,Westbound #9,The Flaming Ember,1970,14,24,https://genius.com/Flaming-ember-westbound-9-lyrics,coder_a,0,About catching a train to get out of the singers hometown,0.5,2026-02-22T16:34:53Z
8c4c87c0bb81d489930ab04ca2536926,Westbound #9,The Flaming Ember,1970,14,24,https://genius.com/Flaming-ember-westbound-9-lyrics,coder_b,0,Song about catching a train and leaving town.,0.8,2026-02-25T08:33:27Z
8c879bea8d64ad5c9d9f578bac38e9f1,All My Life,Kenny Rogers,1983,11,37,https://genius.com/Kenny-rogers-all-my-life-lyrics,coder_b,0,Song about love,1,2026-02-25T08:38:27Z
8c879bea8d64ad5c9d9f578bac38e9f1,All My Life,Kenny Rogers,1983,11,37,https://genius.com/Kenny-rogers-all-my-life-lyrics,coder_a,0,love song,1,2026-02-22T16:44:27Z
8cc01bc3b04d6c143b24e901d8f0636c,The Politics Of Dancing,Re-flex,1984,21,24,https://genius.com/Re-flex-uk-the-politics-of-dancing-lyrics,coder_a,1,"We got the message
I heard it on the airwaves
The politicians are now DJs
The broadcast was spreading
Station to station
Like an infection across the nation",1,2026-02-23T18:24:07Z
8cc01bc3b04d6c143b24e901d8f0636c,The Politics Of Dancing,Re-flex,1984,21,24,https://genius.com/Re-flex-uk-the-politics-of-dancing-lyrics,coder_b,1,"We got the message
I heard it on the airwaves
The politicians are now DJs
The broadcast was spreading
Station to station
Like an infection across the nation",0.7,2026-02-25T09:04:00Z
8cded8e04ebc6c46e37dcef7dd21eccc,All I See Is You,Dusty Springfield,1966,8,20,https://genius.com/Dusty-springfield-all-i-see-is-you-lyrics,coder_a,0,love song,1,2026-02-22T14:32:32Z
8cded8e04ebc6c46e37dcef7dd21eccc,All I See Is You,Dusty Springfield,1966,8,20,https://genius.com/Dusty-springfield-all-i-see-is-you-lyrics,coder_b,0,Song about relationships,1,2026-02-24T23:32:11Z
8d02b0ebcac3b273ab33eb82d04e999a,Woods,Mac Miller,2020,1,75,https://genius.com/Mac-miller-woods-lyrics,coder_a,0,love song,0.9,2026-02-16T18:06:59Z
8d02b0ebcac3b273ab33eb82d04e999a,Woods,Mac Miller,2020,1,75,https://genius.com/Mac-miller-woods-lyrics,coder_b,0,Song about trying to improve and love,1,2026-02-17T22:59:55Z
8e877cf35a8e471000a626d1c1dab07c,Uptight (Everything's Alright),Nancy Wilson,1966,4,84,https://genius.com/Nancy-wilson-uptight-everythings-alright-lyrics,coder_b,0,Song is about loving someone and being loved back. Though maybe political as could imply class difference.,0.6,2026-02-14T22:54:51Z
8e877cf35a8e471000a626d1c1dab07c,Uptight (Everything's Alright),Nancy Wilson,1966,4,84,https://genius.com/Nancy-wilson-uptight-everythings-alright-lyrics,coder_a,1,"The song has comments about poverty: ""I'm a poor man's daughter, from across the railroad tracks
Only shirt I own is hanging on my back""",0.6,2026-02-15T16:30:49Z
8edb052a67c6511c8b3a5f616993c406,Borrowed Time,Styx,1980,6,64,https://genius.com/Styx-borrowed-time-lyrics,coder_b,0,Song is about being a dreamer and living life.,1,2026-02-16T22:23:35Z
8edb052a67c6511c8b3a5f616993c406,Borrowed Time,Styx,1980,6,64,https://genius.com/Styx-borrowed-time-lyrics,coder_a,1,"Some political themes: I'm so confused by the things I read, I need the truth
But the truth is, I don't know who to believe
The left say yes, and the right says no
I'm in between and the more I learn
Well, the less that I know",0.7,2026-02-15T17:01:28Z
8efd15e3cd9f06dd1e16c8ce07d3c30b,Abraham; Martin And John,Smokey Robinson & The Miracles,1969,6,33,https://genius.com/Smokey-robinson-and-the-miracles-abraham-martin-and-john-lyrics,coder_a,1,"About war?: Has anybody here seen my old friend John
Can you tell me where he's gone?
He freed a lotta people, but it seems the good die young
I just looked around and he's gone

[Chorus]
Didn't you love the things they stood for?
Didn't they try to find some good in you and me?
And we'll be free
Someday soon it's gonna be one day",0.8,2026-02-21T12:25:57Z
8efd15e3cd9f06dd1e16c8ce07d3c30b,Abraham; Martin And John,Smokey Robinson & The Miracles,1969,6,33,https://genius.com/Smokey-robinson-and-the-miracles-abraham-martin-and-john-lyrics,coder_b,1,"Has anybody here seen my old friend Martin
Can you tell me where he's gone?
He freed a lotta people, but it seems the good die young

Didn't you love the things they stood for?
Didn't they try to find some good in you and me?
And we'll be free
Someday soon it's gonna be one day",1,2026-02-24T08:24:29Z
8f1205b3d516e2a7e5a9ea1973f45633,President Carter,Lil Wayne,2011,1,94,https://genius.com/Lil-wayne-president-carter-lyrics,coder_b,1,"God bless america...
- Carter, are you prepared to take the constitutional oath?",1,2026-02-24T22:47:15Z
8f1205b3d516e2a7e5a9ea1973f45633,President Carter,Lil Wayne,2011,1,94,https://genius.com/Lil-wayne-president-carter-lyrics,coder_a,1,"Gorillas in suits
The holy war, the spiritual troops
Fighting over the mythical truth
Drowning in the political soup
They shoot missiles and nukes
Taking out such a pivotal group
The body count is the physical proof
And they thought drugs were killing the youth, [chuckles]
Thank you, thank you all, I am President Carter",1,2026-02-21T13:58:58Z
8f3bc7f2e80727e9dcc9cae65b17c49d,One More Chance,Ocean,1972,4,76,https://genius.com/Ocean-one-more-chance-lyrics,coder_b,1,"Don't deny your people
One more chance
Give tomorrow's children
One more chance
All they want is freedom
Just one more chance
To show that they can make a good living with one
Just one more chance

We are gonna give you",1,2026-02-25T00:50:39Z
8f3bc7f2e80727e9dcc9cae65b17c49d,One More Chance,Ocean,1972,4,76,https://genius.com/Ocean-one-more-chance-lyrics,coder_a,1,"Don't deny your people
One more chance
Give tomorrow's children
One more chance
All they want is freedom
Just one more chance
To show that they can make a good living with one
Just one more chance",1,2026-02-22T16:15:59Z
8fdb8c3764edafb3b357fee95f249197,Untouchable,Eminem,2017,1,86,https://genius.com/Eminem-untouchable-lyrics,coder_b,1,"Hands up, officer don't shoot
Then pull your pants up, promise you won't loot
We may never understand each other, it's no use
We ain't ever gonna grasp what each other goes through

[Verse 1]
Black boy, black boy, we ain't gonna lie to you
Black boy, black boy, we don't like the sight of you",1,2026-02-25T09:06:55Z
8fdb8c3764edafb3b357fee95f249197,Untouchable,Eminem,2017,1,86,https://genius.com/Eminem-untouchable-lyrics,coder_a,1,"Black boy, black boy, we don't get your culture and
We don't care what our government's done to fuck you over, man",1,2026-02-23T18:35:19Z
8fe8b150f2cddf90e3c3867f0d8d0395,Adult Education,Daryl Hall  John Oates,1984,17,8,https://genius.com/Daryl-hall-and-john-oates-adult-education-lyrics,coder_a,0,love song and growing up song,0.6,2026-02-16T18:14:51Z
8fe8b150f2cddf90e3c3867f0d8d0395,Adult Education,Daryl Hall  John Oates,1984,17,8,https://genius.com/Daryl-hall-and-john-oates-adult-education-lyrics,coder_b,0,Song about schooling and reputation,0.9,2026-02-17T23:23:39Z
909bd9f107bcb0fdcf839746576eb220,Can't Let Go,Mariah Carey,1992,20,2,https://genius.com/Mariah-carey-cant-let-go-lyrics,coder_b,0,Song about love,1,2026-02-25T10:28:47Z
909bd9f107bcb0fdcf839746576eb220,Can't Let Go,Mariah Carey,1992,20,2,https://genius.com/Mariah-carey-cant-let-go-lyrics,coder_a,0,love song,1,2026-02-24T20:54:55Z
90ddca6b79641cfb44a09cac503b86b3,Rock And A Hard Place,The Rolling Stones,1990,14,23,https://genius.com/The-rolling-stones-rock-and-a-hard-place-lyrics,coder_b,1,Song mentions present injustices within a city that are taking away freedom and human rights.,1,2026-02-14T23:09:49Z
90ddca6b79641cfb44a09cac503b86b3,Rock And A Hard Place,The Rolling Stones,1990,14,23,https://genius.com/The-rolling-stones-rock-and-a-hard-place-lyrics,coder_a,1,"""This talk of freedom and human rights
Means bullying and private wars
And chucking all the dust into our eyes
And peasant people, poorer than dirt
Who are caught in the crossfire
End up nothing to lose but their shirts, yeah""",1,2026-02-15T16:36:51Z
913640330b28bb47233238d0c61d6848,Skin Trade,Duran Duran,1987,9,39,https://genius.com/Duran-duran-skin-trade-lyrics,coder_b,1,Song is about the sex industry which is inherently political.,1,2026-02-16T22:43:47Z
913640330b28bb47233238d0c61d6848,Skin Trade,Duran Duran,1987,9,39,https://genius.com/Duran-duran-skin-trade-lyrics,coder_a,1,Exploitation and sex work.,0.7,2026-02-15T17:21:57Z
91398d111a7faa9ed50974f511794876,Violet Hill,Coldplay,2008,10,40,https://genius.com/Coldplay-violet-hill-lyrics,coder_b,1,"Was a long and dark December
When the banks became cathedrals
And the fox became God
Priests clutched onto Bibles
Hollowed out to fit their rifles
And a cross was held aloft
Bury me in armour
When I'm dead and hit the ground
My nerves are poles that unfroze",1,2026-02-24T23:22:45Z
91398d111a7faa9ed50974f511794876,Violet Hill,Coldplay,2008,10,40,https://genius.com/Coldplay-violet-hill-lyrics,coder_a,1,"Was a long and dark December
When the banks became cathedrals
And the fox became God
Priests clutched onto Bibles
Hollowed out to fit their rifles
And a cross was held aloft
Bury me in armour
When I'm dead and hit the ground
My nerves are poles that unfroze",1,2026-02-21T14:56:18Z
91dca04580e24c045bc90f0b7581ade8,Can't Hold Us Down,Christina Aguilera Featuring Lil' Kim,2003,20,12,https://genius.com/Christina-aguilera-cant-hold-us-down-lyrics,coder_b,1,"So, what, am I not 'sposed to have an opinion?
Should I keep quiet just because I'm a woman?
Call me a bitch 'cause I speak what's on my mind
Guess it's easier for you to swallow if I sat and smiled
When a female fires back",1,2026-02-25T08:49:37Z
91dca04580e24c045bc90f0b7581ade8,Can't Hold Us Down,Christina Aguilera Featuring Lil' Kim,2003,20,12,https://genius.com/Christina-aguilera-cant-hold-us-down-lyrics,coder_a,1,"So, what, am I not 'sposed to have an opinion?
Should I keep quiet just because I'm a woman?
Call me a bitch 'cause I speak what's on my mind
Guess it's easier for you to swallow if I sat and smiled
When a female fires back
Suddenly big talker don't know how to act",1,2026-02-22T16:58:26Z
91f48372a8885fce849f79fdb9a0443b,The Message,Grandmaster Flash,1982,7,62,https://genius.com/Axf2814-ashley-foster-grandmaster-flash-the-message-uta-fall-2015-mid-term-annotated,coder_a,1,"Broken glass everywhere
People pissing on the stairs, you know they just don't care
I can't take the smell, I can't take the noise
Got no money to move out, I guess I got no choice
Rats in the front room, roaches in the back
Junkie's in the alley with a baseball bat
I tried to get away, but I couldn't get far
Cause the man with the tow-truck repossessed my car",1,2026-02-24T20:25:36Z
91f48372a8885fce849f79fdb9a0443b,The Message,Grandmaster Flash,1982,7,62,https://genius.com/Axf2814-ashley-foster-grandmaster-flash-the-message-uta-fall-2015-mid-term-annotated,coder_b,0,Song about living in a bad place and being unable to escape,1,2026-02-25T10:04:44Z
91fdeacff73e2be9102234da8307cf76,Zombie,Bad Wolves,2018,18,54,https://genius.com/Bad-wolves-zombie-lyrics,coder_b,1,"Another head hangs lowly
Child is slowly taken
And the violence causes silence
Who are we mistaken?
But you see, it's not me, it's not my family
In your head, in your head, they are fighting
With their tanks and their bombs and their bombs and their drones
In your head, in your head, they are crying",1,2026-02-25T10:29:07Z
91fdeacff73e2be9102234da8307cf76,Zombie,Bad Wolves,2018,18,54,https://genius.com/Bad-wolves-zombie-lyrics,coder_a,1,"Another head hangs lowly
Child is slowly taken
And the violence causes silence
Who are we mistaken?

[Pre-Chorus]
But you see, it's not me, it's not my family
In your head, in your head, they are fighting
With their tanks and their bombs and their bombs and their drones
In your head, in your head, they are crying",1,2026-02-24T20:55:22Z
92126d06b78be161375243abe55af0bd,To Be Young; Gifted And Black,Nina Simone,1970,7,76,https://genius.com/Nina-simone-to-be-young-gifted-and-black-lyrics,coder_a,1,"How to be young, gifted, and Black
Oh, how I long to know the truth
There are times when I look back
And I am haunted by my youth

Oh, but my joy of today
Is that we can all be proud to say, 
""To be young, gifted, and Black
Is where it's at!""",1,2026-03-02T17:31:56Z
92126d06b78be161375243abe55af0bd,To Be Young; Gifted And Black,Nina Simone,1970,7,76,https://genius.com/Nina-simone-to-be-young-gifted-and-black-lyrics,coder_b,1,"Young, gifted, and Black
Oh, what a lovely precious dream
To be young, gifted, and Black
Open your heart to what I mean",1,2026-02-25T11:20:02Z
92dbf74331d9334703bc767952d36010,Sweet But Psycho,Ava Max,2019,35,10,https://genius.com/Ava-max-sweet-but-psycho-lyrics,coder_a,0,About a girl,0.9,2026-02-21T12:11:16Z
92dbf74331d9334703bc767952d36010,Sweet But Psycho,Ava Max,2019,35,10,https://genius.com/Ava-max-sweet-but-psycho-lyrics,coder_b,0,Song about a girl who is crazy,0.9,2026-02-22T23:54:26Z
937f3067dc483a041f3ffdeda41cf0e6,He's So Fine,Jody Miller,1971,9,53,https://genius.com/Jody-miller-hes-so-fine-lyrics,coder_a,0,love song,1,2026-02-22T15:49:56Z
937f3067dc483a041f3ffdeda41cf0e6,He's So Fine,Jody Miller,1971,9,53,https://genius.com/Jody-miller-hes-so-fine-lyrics,coder_b,0,Song about love,1,2026-02-25T00:26:37Z
93ba8cba3e3e5e5bd65434ce0bad55a5,Machines,John Livigni,1975,6,83,https://genius.com/John-valenti-machines-lyrics,coder_b,1,"Machines
They're the end to our means
A means of a state of life
But in the end how can we survive
Machines
Hear them rumble and roar
Life was peaceful before
Now we're reproducing more and more
Machines
We're becoming their slaves",1,2026-02-25T11:00:14Z
93ba8cba3e3e5e5bd65434ce0bad55a5,Machines,John Livigni,1975,6,83,https://genius.com/John-valenti-machines-lyrics,coder_a,1,"Machines
They're the end to our means
A means of a state of life
But in the end how can we survive
Machines
Hear them rumble and roar
Life was peaceful before
Now we're reproducing more and more
Machines
We're becoming their slaves
Machines
They're going to dig us our graves
Kill yourself to pay the rent
For steel and cement",1,2026-02-26T18:03:52Z
94002193f38dd4646b370e95b9c226ed,It's Up To You,Rick Nelson,1963,12,6,https://genius.com/Ricky-nelson-its-up-to-you-lyrics,coder_b,0,Song about a relationship,1,2026-02-22T23:54:52Z
94002193f38dd4646b370e95b9c226ed,It's Up To You,Rick Nelson,1963,12,6,https://genius.com/Ricky-nelson-its-up-to-you-lyrics,coder_a,0,love song,1,2026-02-21T12:11:49Z
9463bc9d766acf84e55fcfc8c83e5b13,I'll Be Lovin' U Long Time,Mariah Carey,2008,8,58,https://genius.com/Mariah-carey-ill-be-lovin-u-long-time-lyrics,coder_a,0,love song,1,2026-02-21T13:44:05Z
9463bc9d766acf84e55fcfc8c83e5b13,I'll Be Lovin' U Long Time,Mariah Carey,2008,8,58,https://genius.com/Mariah-carey-ill-be-lovin-u-long-time-lyrics,coder_b,0,Song about love,1,2026-02-24T20:32:54Z
94a3bc2df9f7cb3618a16c351ee63c26,The Walls Came Down,The Call,1983,5,74,https://genius.com/The-call-the-walls-came-down-lyrics,coder_a,1,"Sanctuary fades
Congregation splits
Nightly military raids
The congregation splits
It's a song of assassins
Ringing in your ears
We got terrorists thinking
Playing on fears",1,2026-02-22T14:21:18Z
94a3bc2df9f7cb3618a16c351ee63c26,The Walls Came Down,The Call,1983,5,74,https://genius.com/The-call-the-walls-came-down-lyrics,coder_b,1,"Sanctuary fades
Congregation splits
Nightly military raids
The congregation splits
It's a song of assassins
Ringing in your ears
We got terrorists thinking
Playing on fears",1,2026-02-24T23:27:53Z
9846e595d905e8ce08d87190b9d3460c,Love Wins,Carrie Underwood,2019,10,83,https://genius.com/Carrie-underwood-love-wins-lyrics,coder_b,1,"A stray bullet and a mama cries
Her baby won't be comin' home tonight
Sirens screamin' down the avenue
Just another story on the evening news, oh, whoa
Politics and prejudice
How the hell'd it ever come to this?
When everybody's gotta pick a side
It don't matter if you're wrong or right, no",1,2026-02-24T08:33:28Z
9846e595d905e8ce08d87190b9d3460c,Love Wins,Carrie Underwood,2019,10,83,https://genius.com/Carrie-underwood-love-wins-lyrics,coder_a,1,"A stray bullet and a mama cries
Her baby won't be comin' home tonight
Sirens screamin' down the avenue
Just another story on the evening news, oh, whoa

[Verse 2]
Politics and prejudice
How the hell'd it ever come to this?
When everybody's gotta pick a side
It don't matter if you're wrong or right, no",1,2026-02-21T12:30:29Z
98ef030f2943af86528fceabb176959d,Over,Lucky Daye,2022,7,77,https://genius.com/Lucky-daye-over-lyrics,coder_a,0,love song,1,2026-02-26T19:12:36Z
98ef030f2943af86528fceabb176959d,Over,Lucky Daye,2022,7,77,https://genius.com/Lucky-daye-over-lyrics,coder_b,0,Song about a toxic relationshihp,1,2026-02-25T11:13:49Z
98f1b6e030ab863fda5bec6d981011c3,What's Going On,Cyndi Lauper,1987,13,12,https://genius.com/Cyndi-lauper-whats-going-on-lyrics,coder_a,1,"Father, father
There's no need to escalate
You see, war is not the answer
For only love can conquer hate
You know we've got to find a way
To bring back lovin' here today

[Pre-Chorus]
Picket lines (Brother)
And picket signs (Brother)
Don't punish me (Brother)
With brutality (Brother)
Just talk to me (Brother)
So you can see",1,2026-02-22T15:02:07Z
98f1b6e030ab863fda5bec6d981011c3,What's Going On,Cyndi Lauper,1987,13,12,https://genius.com/Cyndi-lauper-whats-going-on-lyrics,coder_b,1,"Father, father
There's no need to escalate
You see, war is not the answer
For only love can conquer hate
You know we've got to find a way
To bring back lovin' here today",1,2026-02-24T23:53:46Z
98fed08e1447dd001c757d00eadb065d,Feels Like Summer,Childish Gambino,2018,2,54,https://genius.com/Childish-gambino-feels-like-summer-lyrics,coder_b,1,Song is about climate change,1,2026-02-25T10:59:30Z
98fed08e1447dd001c757d00eadb065d,Feels Like Summer,Childish Gambino,2018,2,54,https://genius.com/Childish-gambino-feels-like-summer-lyrics,coder_a,1,"about climate change: Every day gets hotter than the one before
Running out of water, it's about to go down
Go down
Air that kill the bees that we depend upon
Birds were made for singing
Waking up to no sound
No sound",1,2026-02-26T18:01:24Z
99d57f1ab07dc7cf15985eecb6d60c7b,Family Man,Fleetwood Mac,1988,4,90,https://genius.com/Fleetwood-mac-family-man-lyrics,coder_b,0,Song about being a family man,1,2026-02-24T23:37:34Z
99d57f1ab07dc7cf15985eecb6d60c7b,Family Man,Fleetwood Mac,1988,4,90,https://genius.com/Fleetwood-mac-family-man-lyrics,coder_a,0,about family,0.7,2026-02-22T14:39:44Z
9a6d18c90da29f837f32251a7a509e8b,Are You Man Enough,Four Tops,1973,13,15,https://genius.com/The-four-tops-are-you-man-enough-lyrics,coder_b,1,"Song is about growing up on the streets and the systemic injustice - lyrics mention: You got to struggle to see the light
'Cause someone's looking to steal your right to choose""",0.7,2026-02-16T22:29:19Z
9a6d18c90da29f837f32251a7a509e8b,Are You Man Enough,Four Tops,1973,13,15,https://genius.com/The-four-tops-are-you-man-enough-lyrics,coder_a,1,"There's no pretending it goes away
With every step that you take, you pay your dues
And I ain't lying!
You got to struggle to see the light
'Cause someone's looking to steal your right to choose
And they don't stop trying!
It's like a jungle outside the door and it's keeping you so confused",0.7,2026-02-15T17:04:27Z
9ab5b872d145ec54432998fadfebe0cd,The Jungle,B.B. King,1967,2,94,https://genius.com/Bb-king-jungle-lyrics,coder_b,1,"The wages that they pay me
I swear that they're very light
The take out a little for the state
A little more for Uncle Sam",1,2026-02-25T11:19:45Z
9ab5b872d145ec54432998fadfebe0cd,The Jungle,B.B. King,1967,2,94,https://genius.com/Bb-king-jungle-lyrics,coder_a,1,"Yes, because the way things are here now
Well, I ain't doin' myself no good
I work hard everyday
From Monday to Friday night

The wages that they pay me
I swear that they're very light
The take out a little for the state
A little more for Uncle Sam

How can I ever catch up
And get myself out of this jam
Yes, I think I'll move to the jungle
Move way out in the woods",1,2026-02-26T19:40:35Z
9be5ba1c805a4ba25f7ee9d1a6d49f5a,Don't Let It Go To Your Head,Brand Nubian,1998,6,54,https://genius.com/Brand-nubian-dont-let-it-go-to-your-head-lyrics,coder_b,0,Song about the struggles of being an artist,1,2026-02-25T10:24:24Z
9be5ba1c805a4ba25f7ee9d1a6d49f5a,Don't Let It Go To Your Head,Brand Nubian,1998,6,54,https://genius.com/Brand-nubian-dont-let-it-go-to-your-head-lyrics,coder_a,0,about fame,1,2026-02-24T20:48:44Z
9ca99a8e01ce307dac2a6a94731a9329,King Kunta,Kendrick Lamar,2015,11,58,https://genius.com/Kendrick-lamar-king-kunta-lyrics,coder_a,1,"Stuck a flag in my city, everybody's screamin', ""Compton!""
I should probably run for mayor when I'm done, to be honest
And I put that on my momma and my baby boo too
Twenty million walkin' out the court buildin', woo-woo!
Aw, yeah, fuck the judge
I made it past twenty-five, and there I was",0.5,2026-02-22T17:03:17Z
9ca99a8e01ce307dac2a6a94731a9329,King Kunta,Kendrick Lamar,2015,11,58,https://genius.com/Kendrick-lamar-king-kunta-lyrics,coder_b,1,"The yam brought it out of Richard Pryor
Manipulated Bill Clinton with desires",0.7,2026-02-25T08:51:03Z
9d855166b618d054b3ee5493900471ca,Icky Thump,The White Stripes,2007,17,26,https://genius.com/The-white-stripes-icky-thump-lyrics,coder_a,1,"White Americans, what? Nothing better to do?
Why don't you kick yourself out? You're an immigrant too
Who's using who? What should we do?
Well, you can't be a pimp and a prostitute too",1,2026-02-24T20:28:50Z
9d855166b618d054b3ee5493900471ca,Icky Thump,The White Stripes,2007,17,26,https://genius.com/The-white-stripes-icky-thump-lyrics,coder_b,1,"White Americans, what? Nothing better to do?
Why don't you kick yourself out? You're an immigrant too
Who's using who? What should we do?
Well, you can't be a pimp and a prostitute too",1,2026-02-25T10:07:46Z
9e57efc40c2f26efa6a6b8de8c80fe15,500 Miles,Hooters,1989,5,97,https://genius.com/The-hooters-500-miles-lyrics,coder_b,1,"A hundred tanks along the square
One man stands and stops them there
Some day soon, the tide will turn, and I'll be free
I'll be free, I'll be free, I'll come home to my country
Some day soon the tide will turn and I'll be free",1,2026-02-25T11:12:02Z
9e57efc40c2f26efa6a6b8de8c80fe15,500 Miles,Hooters,1989,5,97,https://genius.com/The-hooters-500-miles-lyrics,coder_a,1,"Not a shirt on my back, not a penny to my name
And the land that I once loved was not my own
Lord I'm one, Lord I'm two, Lord I'm three, Lord I'm four
Lord I'm five hundred miles away from home

[Guitar Solo]

[Verse 2]
A hundred tanks along the square
One man stands and stops them there
Some day soon, the tide will turn, and I'll be free
I'll be free, I'll be free, I'll come home to my country
Some day soon the tide will turn and I'll be free",1,2026-02-26T19:00:08Z
a02e6de181f90f6ef38e41f662b0f680,Crazy Train,Ozzy Osbourne,2025,2,39,https://genius.com/Ozzy-osbourne-crazy-train-lyrics,coder_a,1,"I've listened to preachers, I've listened to fools
I've watched all the dropouts, who make their own rules
One person conditioned to rule and control
The media sells it and you live the role",1,2026-02-15T17:56:46Z
a02e6de181f90f6ef38e41f662b0f680,Crazy Train,Ozzy Osbourne,2025,2,39,https://genius.com/Ozzy-osbourne-crazy-train-lyrics,coder_b,0,Song is about going crazy.,1,2026-02-17T22:49:38Z
a098e9a0118064ff8815c25a0891ff51,Hummingbird,B.B. King,1970,7,48,https://genius.com/Bb-king-hummingbird-lyrics,coder_a,0,love song,1,2026-02-23T19:05:28Z
a098e9a0118064ff8815c25a0891ff51,Hummingbird,B.B. King,1970,7,48,https://genius.com/Bb-king-hummingbird-lyrics,coder_b,0,Song about love,1,2026-02-25T09:20:04Z
a15481e31441d37af3827f9bf0ebda87,We're A Winner,The Impressions,1968,13,14,https://genius.com/The-impressions-were-a-winner-lyrics,coder_b,0,Song is about moving up in the world,0.6,2026-02-16T23:40:09Z
a15481e31441d37af3827f9bf0ebda87,We're A Winner,The Impressions,1968,13,14,https://genius.com/The-impressions-were-a-winner-lyrics,coder_a,1,"About freedom and protest? ""We'll just keep on pushin'
Like your leaders tell you to
At last that blessed day has come
And I don't care where you come from
We're all movin' on up (movin' on up)
Lawd have mercy
We're movin' on up (movin' on up)""",0.4,2026-02-15T17:34:32Z
a18bdb349bf3725c9aea7fa329d40c39,Living For The City,Stevie Wonder,1974,17,8,https://genius.com/Stevie-wonder-living-for-the-city-lyrics,coder_b,1,"His father works some days for fourteen hours
And you can bet he barely makes a dollar
His mother goes to scrub the floors for many
And you'd best believe, she hardly gets a penny
Living just enough, just enough for the city (Yeah)",0.8,2026-02-24T23:00:36Z
a18bdb349bf3725c9aea7fa329d40c39,Living For The City,Stevie Wonder,1974,17,8,https://genius.com/Stevie-wonder-living-for-the-city-lyrics,coder_a,1,"Her skirt is short, but, Lord, her legs are sturdy
To walk to school, she's got to get up early
Her clothes are old, but never are they dirty
Living just enough, just enough for the city (Mmm)

[Verse 4]
Her brother's smart, he's got more sense than many
His patience's long, but soon he won't have any
To find a job is like a haystack needle
'Cause where he lives, they don't use colored people
Living just enough, just enough for the city (Yeah)",0.8,2026-02-21T14:30:24Z
a1ca05b050a9a372f0f5ee71c72ede04,The End Of The Innocence,Don Henley,1989,18,8,https://genius.com/Don-henley-the-end-of-the-innocence-lyrics,coder_b,1,"They're beating plowshares into swords
For this tired old man that we elected king
Armchair warriors often fail
And we've been poisoned by these fairy tales
The lawyers clean up all details
Since daddy had to lie",0.9,2026-02-24T09:17:36Z
a1ca05b050a9a372f0f5ee71c72ede04,The End Of The Innocence,Don Henley,1989,18,8,https://genius.com/Don-henley-the-end-of-the-innocence-lyrics,coder_a,1,"O' beautiful, for spacious skies
Now those skies are threatening
They're beating plowshares into swords
For this tired old man that we elected king
Armchair warriors often fail
And we've been poisoned by these fairy tales
The lawyers clean up all details
Since daddy had to lie",0.9,2026-02-21T12:42:58Z
a2c21df188947ec985468d85ea0a4aec,Little Man,Alan Jackson,1999,17,39,https://genius.com/Alan-jackson-little-man-lyrics,coder_b,1,"Song sings about urbanisation and capitalism : 'Bout the little man that built this town
Before the big money shut 'em down and killed the little man",1,2026-02-17T21:46:20Z
a2c21df188947ec985468d85ea0a4aec,Little Man,Alan Jackson,1999,17,39,https://genius.com/Alan-jackson-little-man-lyrics,coder_a,1,"Now the court square's just a set of streets
That people go 'round, but they seldom think
'Bout the little man that built this town
Before the big money shut 'em down and killed the little man
Oh, the little man",1,2026-02-15T17:35:09Z
a42e8fba3c97f744ba48d7d720ae3abc,Love And Liberty,Laura Lee,1972,1,94,https://genius.com/Laura-lee-love-and-liberty-lyrics,coder_b,1,"The liberty bell rings
For all the women
This day I decree freedom
There used to be a time
A woman couldn't vote
If she wanted a cigarette
She had to hide its smoke
A woman need man's love
His love and affection
But we don't wanna live
Under his objection",1,2026-02-25T10:49:47Z
a42e8fba3c97f744ba48d7d720ae3abc,Love And Liberty,Laura Lee,1972,1,94,https://genius.com/Laura-lee-love-and-liberty-lyrics,coder_a,1,"There used to be a time
A woman couldn't vote
If she wanted a cigarette
She had to hide its smoke
A woman need man's love
His love and affection
But we don't wanna live
Under his objection",1,2026-02-24T21:05:43Z
a463963262d8e69e4725740f7ab9c237,My Little Secret,Xscape,1998,14,9,https://genius.com/Xscape-my-little-secret-lyrics,coder_a,0,love song,1,2026-02-15T17:57:34Z
a463963262d8e69e4725740f7ab9c237,My Little Secret,Xscape,1998,14,9,https://genius.com/Xscape-my-little-secret-lyrics,coder_b,0,Song is about keeping a secret partner.,1,2026-02-17T22:50:07Z
a464b7100fb89c7db0085daf5d15869b,I'm Too Far Gone (To Turn Around),Bobby Bland,1966,6,62,https://genius.com/Bobby-blue-bland-im-too-far-gone-to-turn-around-lyrics,coder_b,0,Song is about love and relationships - not political,1,2026-02-14T23:34:02Z
a464b7100fb89c7db0085daf5d15869b,I'm Too Far Gone (To Turn Around),Bobby Bland,1966,6,62,https://genius.com/Bobby-blue-bland-im-too-far-gone-to-turn-around-lyrics,coder_a,0,Love song.,1,2026-02-15T16:54:08Z
a468bf8abdfa368b0086cfb8e717d837,4 Your Eyez Only,J. Cole,2016,1,29,https://genius.com/J-cole-4-your-eyez-only-lyrics,coder_b,1,Talks about the cycle of crime which is inherently political and the state of police.,1,2026-02-14T23:16:15Z
a468bf8abdfa368b0086cfb8e717d837,4 Your Eyez Only,J. Cole,2016,1,29,https://genius.com/J-cole-4-your-eyez-only-lyrics,coder_a,1,"Police brutality, poverty, drug abuse, gang violence, culture wars, and critiquing systemic racism.",1,2026-02-15T16:42:08Z
a6f2f7a5fdd71aa9375b4fdf558341fe,Shake For The Sheik,The Escape Club,1989,14,28,https://genius.com/The-escape-club-shake-for-the-sheik-lyrics,coder_b,1,"All around the big bad world
On the CIA machine
Ten ten the President's men
In a big black limousine
There's an ICBM flyin by",1,2026-02-17T23:07:17Z
a6f2f7a5fdd71aa9375b4fdf558341fe,Shake For The Sheik,The Escape Club,1989,14,28,https://genius.com/The-escape-club-shake-for-the-sheik-lyrics,coder_a,1,"From the holy temples of Beruit
To the factories of Japan
You've got to shine your shoes and hide your loot
And get rich while you can
There's a redneck rapping at my door
With bibles and grenades
And I'm fighting for a one man's war
In bad black mirror shades",1,2026-02-16T18:09:43Z
a72416bc3f9d15463768a356bad55896,American Soldier,Toby Keith,2004,20,28,https://genius.com/Toby-keith-american-soldier-lyrics,coder_a,1,About war and patriotism.,1,2026-02-15T16:59:46Z
a72416bc3f9d15463768a356bad55896,American Soldier,Toby Keith,2004,20,28,https://genius.com/Toby-keith-american-soldier-lyrics,coder_b,1,Song chorus is about being an American soldier.,1,2026-02-16T22:22:31Z
a7850852351e6f34588fa827f1426b34,That's What You Get,Paramore,2008,17,66,https://genius.com/Paramore-thats-what-you-get-lyrics,coder_a,0,heartbreak,0.9,2026-02-21T14:37:59Z
a7850852351e6f34588fa827f1426b34,That's What You Get,Paramore,2008,17,66,https://genius.com/Paramore-thats-what-you-get-lyrics,coder_b,0,Song about love and hurting.,1,2026-02-24T23:05:42Z
a7a2d1961f20853a2b2f5bec10e6390e,Whatever You Say,Martina McBride,1999,20,37,https://genius.com/Martina-mcbride-whatever-you-say-lyrics,coder_b,0,Song is about a relationship and arguing,1,2026-02-17T22:22:38Z
a7a2d1961f20853a2b2f5bec10e6390e,Whatever You Say,Martina McBride,1999,20,37,https://genius.com/Martina-mcbride-whatever-you-say-lyrics,coder_a,0,About heartbreak.,1,2026-02-15T17:47:24Z
a7b51890e393d5fe346879de87452d8e,Megalomaniac,Incubus,2004,20,55,https://genius.com/Incubus-megalomaniac-lyrics,coder_a,1,"I hear you on the radio
You permeate my screen, it's unkind, but
If I met you in a scissor fight
I'd cut off both your wings on principle alone
Principle alone

[Chorus]
Hey, megalomaniac
You're no Jesus, yeah, you're no fucking Elvis
Wash your hands clean of yourself, baby, and
Step down, step down, step down",0.6,2026-02-21T12:45:41Z
a7b51890e393d5fe346879de87452d8e,Megalomaniac,Incubus,2004,20,55,https://genius.com/Incubus-megalomaniac-lyrics,coder_b,1,"Song could be about leadership and power? Hey, megalomaniac
You're no Jesus, yeah, you're no fucking Elvis
Wash your hands clean of yourself, baby, and
Step down, step down, step down",0.6,2026-02-24T09:24:16Z
a7f37afc11c756617391248c8279806c,Earth,Lil Dicky,2019,6,17,https://genius.com/Lil-dicky-earth-lyrics,coder_a,1,"Earth, it is our planet (It's our planet)
We love the Earth (We love the Earth), it is our home (Home)
We love the Earth, it is our planet (It is our planet)
We love the Earth, it is our home
We love the Earth",1,2026-02-22T15:36:18Z
a7f37afc11c756617391248c8279806c,Earth,Lil Dicky,2019,6,17,https://genius.com/Lil-dicky-earth-lyrics,coder_b,1,"We love the Earth, it is our planet
We love the Earth, it is our home
We forgive you, Germany
All these shootings, pollution, we under attack on ourselves
Like, let's all just chill (Hey), respect what we built (Hey)",1,2026-02-25T00:19:31Z
a86edc8f68ccfc2e148297d05b62f067,Master Jack,Four Jacks And A Jill,1968,14,18,https://genius.com/Four-jacks-and-a-jill-master-jack-lyrics,coder_b,1,"You taught me all those things the way you'd like them to be
But I'd like to see if other people agree
It's all very int'resting the way you disguise
But I'd like to see the world through my own eyes",0.7,2026-02-25T08:47:19Z
a86edc8f68ccfc2e148297d05b62f067,Master Jack,Four Jacks And A Jill,1968,14,18,https://genius.com/Four-jacks-and-a-jill-master-jack-lyrics,coder_a,0,About a mentor figure,0.8,2026-02-22T16:54:25Z
a8b7f5cd716714088344b6c0345a0212,Yesterday Once More,Carpenters,1973,14,2,https://genius.com/Carpenters-yesterday-once-more-lyrics,coder_b,1,Song is about love songs.,1,2026-02-16T22:30:14Z
a8b7f5cd716714088344b6c0345a0212,Yesterday Once More,Carpenters,1973,14,2,https://genius.com/Carpenters-yesterday-once-more-lyrics,coder_a,0,About music and reminiscing about youth.,0.9,2026-02-15T17:05:51Z
a8ddd97a656a21107c0f15a96304a3db,The John Birch Society,The Chad Mitchell Trio,1962,1,99,https://genius.com/The-chad-mitchell-trio-the-john-birch-society-lyrics,coder_a,1,"Oh, we're meetin' at the courthouse at eight o'clock tonight
You just come in the door and take the first turn to the right
Be careful when you get there, we hate to be bereft
But we're takin' down the names of everybody turnin' left

[Chorus]
Oh, we're the John Birch Society, the John Birch Society
Here to save our country from a communistic plot
Join the John Birch Society, help us fill the ranks
To get this movement started we need lots of tools and cranks",1,2026-02-21T12:19:50Z
a8ddd97a656a21107c0f15a96304a3db,The John Birch Society,The Chad Mitchell Trio,1962,1,99,https://genius.com/The-chad-mitchell-trio-the-john-birch-society-lyrics,coder_b,1,"h, we're the John Birch Society, the John Birch Society
Here to save our country from a communistic plot
Join the John Birch Society, help us fill the ranks
To get this movement started we need lots of tools and cranks",1,2026-02-24T08:04:46Z
a945103d82a4f60e9df2e5e7de03778b,Fortunate Son,Creedence Clearwater Revival,1969,4,14,https://genius.com/Creedence-clearwater-revival-fortunate-son-lyrics,coder_b,1,"Some folks are born made to wave the flag
Ooh, they're red, white and blue
And when the band plays ""Hail to the Chief""
Ooh, they point the cannon at you, Lord
Some folks are born silver spoon in hand
Lord, don't they help themselves, no
But when the taxman come to the door
Lord, the house lookin' like a rummage sale, yeah",1,2026-02-24T22:58:28Z
a945103d82a4f60e9df2e5e7de03778b,Fortunate Son,Creedence Clearwater Revival,1969,4,14,https://genius.com/Creedence-clearwater-revival-fortunate-son-lyrics,coder_a,1,About the Vietnam War,1,2026-02-21T14:26:31Z
a9c382196891511a57962ce8fb579c9c,One Margarita,Luke Bryan,2020,20,19,https://genius.com/Luke-bryan-one-margarita-lyrics,coder_a,0,about margaritas,1,2026-02-21T14:39:00Z
a9c382196891511a57962ce8fb579c9c,One Margarita,Luke Bryan,2020,20,19,https://genius.com/Luke-bryan-one-margarita-lyrics,coder_b,0,Song about drinking margaritas,1,2026-02-24T23:06:43Z
aabe4c241997660a4ec2e2dcfcf09e44,People Make The World Go Round,The Stylistics,1972,11,25,https://genius.com/The-stylistics-people-make-the-world-go-round-lyrics,coder_a,1,"Trash men didn't get my trash today
Oh, why? Because they want more pay
Buses on strike want a raise in fare
So they can help pollute the air",1,2026-02-15T17:30:47Z
aabe4c241997660a4ec2e2dcfcf09e44,People Make The World Go Round,The Stylistics,1972,11,25,https://genius.com/The-stylistics-people-make-the-world-go-round-lyrics,coder_b,1,"Trash men didn't get my trash today
Oh, why? Because they want more pay
Buses on strike want a raise in fare
So they can help pollute the air",1,2026-02-16T23:37:07Z
aaddcf21c9e5e89e995cfb2d059be623,Shake Off The Demon,Brewer And Shipley,1972,3,98,https://genius.com/Brewer-and-shipley-shake-off-the-demon-lyrics,coder_a,1,"Shake off the demon see how the angel run
Pull out the powder shoot with the empty gun
You know you burn down the highway and leave me no place to run, to run

So many visions to psychoanalyze
The politician screaming the bleedin' lies
And all the natural children riot for the compromise",1,2026-02-22T16:38:02Z
aaddcf21c9e5e89e995cfb2d059be623,Shake Off The Demon,Brewer And Shipley,1972,3,98,https://genius.com/Brewer-and-shipley-shake-off-the-demon-lyrics,coder_b,1,"The politician screaming the bleedin' lies
And all the natural children riot for the compromise",1,2026-02-25T08:34:53Z
ac9fcef9d8d25c8f1dc6fb7394c7f6df,Get By,Talib Kweli,2003,10,77,https://genius.com/Talib-kweli-get-by-lyrics,coder_a,1,"Spirits stay mute while your egos spread rumors
We survivalists turned to consumers
Just to get by, just to get by
Just to get by, just to get by
Ask Him why some people gotta live in a trailer, cuss like a sailor
I paint a picture with the pen like Norman Mailer
Mi abuela raised three daughters all by herself with no help
I think about her struggle and I find the strength in myself
These words melt in my mouth, they hot like the jail cell in the south",1,2026-02-21T12:17:08Z
ac9fcef9d8d25c8f1dc6fb7394c7f6df,Get By,Talib Kweli,2003,10,77,https://genius.com/Talib-kweli-get-by-lyrics,coder_b,1,"Work 'til we break our back and you hear the crack of the bones
To get by, just to get by
Just to get by, just to get by
We commute to computers
Spirits stay mute while your egos spread rumors
We survivalists turned to consumers",1,2026-02-23T00:02:34Z
acafc2ebde8a4c735b72f2df09f3e3f7,It's Money That Matters,Randy Newman,1988,12,60,https://genius.com/Randy-newman-its-money-that-matters-lyrics,coder_a,1,"Of all of the people that I used to know
Most never adjusted to the great big world
I see 'em lurking in bookstores
Workin' for the public radio
Carryin' their babies around in sacks on their backs
Movin' careful and slow

[Chorus]
It's money that matters
Hear what I say
It's money that matters
In the USA",1,2026-02-21T14:54:58Z
acafc2ebde8a4c735b72f2df09f3e3f7,It's Money That Matters,Randy Newman,1988,12,60,https://genius.com/Randy-newman-its-money-that-matters-lyrics,coder_b,1,"It's money that matters
Hear what I say
It's money that matters
In the USA",1,2026-02-24T23:22:18Z
ad85605aa9336f3bfb9b0f060266d19d,Will The Wolf Survive,Los Lobos,1985,5,78,https://genius.com/Los-lobos-will-the-wolf-survive-lyrics,coder_b,1,"Sounds across the nation
Coming from young hearts and minds
Battered drums and old guitars
Singing songs of passion
It's the truth that they all look for
Something they must keep alive
Will the wolf survive?",0.8,2026-02-24T20:31:31Z
ad85605aa9336f3bfb9b0f060266d19d,Will The Wolf Survive,Los Lobos,1985,5,78,https://genius.com/Los-lobos-will-the-wolf-survive-lyrics,coder_a,1,"Standing in the pouring rain
All alone in a world that's changed
Running scared, now forced to hide
In a land where he once stood with pride
But he'll find his way by the morning light

[Verse 3]
Sounds across the nation
Coming from young hearts and minds
Battered drums and old guitars
Singing songs of passion
It's the truth that they all look for
Something they must keep alive
Will the wolf survive?
Will the wolf survive?",0.6,2026-02-21T13:41:45Z
adcb5ea15cc19ba1bd9622890dbdc174,The Neighbor,Dixie Chicks,2007,1,74,https://genius.com/The-chicks-the-neighbor-lyrics,coder_b,1,"It's the powerless who seem to fall
Between the cracks of those who have it all
And who's gonna be the one to speak for me",0.7,2026-02-16T22:38:49Z
adcb5ea15cc19ba1bd9622890dbdc174,The Neighbor,Dixie Chicks,2007,1,74,https://genius.com/The-chicks-the-neighbor-lyrics,coder_a,1,"Who did away with empathy
How do you love without sympathy
And who will be the one that still believes

It's the powerless who seem to fall
Between the cracks of those who have it all
And who's gonna be the one to speak for me",0.7,2026-02-15T17:12:22Z
ae4970e3e6e57a6b6af5e1276a0ae2ee,Choice Of Colors,The Impressions,1969,11,21,https://genius.com/The-impressions-choice-of-colors-lyrics,coder_a,1,"How long have you hated your white teacher?
Who told you, you love your black preacher?
Do you respect your brother's woman friend?
And share with black folks not of kin
People must prove to the people
A better day is coming for you and for me
With just a little bit more education
And love for our nation
Would make a better society",1,2026-02-24T20:50:53Z
ae4970e3e6e57a6b6af5e1276a0ae2ee,Choice Of Colors,The Impressions,1969,11,21,https://genius.com/The-impressions-choice-of-colors-lyrics,coder_b,1,"How long have you hated your white teacher?
Who told you, you love your black preacher?
Do you respect your brother's woman friend?
And share with black folks not of kin",1,2026-02-25T10:25:39Z
ae5a75a04ed5fb972d3e7a5e4d87e13c,In The Summer Of His Years,Connie Francis,1964,6,46,https://genius.com/Connie-francis-in-the-summer-of-his-years-lyrics,coder_b,0,Song seems to be about a cowboy and doesn't have any political elements.,1,2026-02-14T22:45:58Z
ae5a75a04ed5fb972d3e7a5e4d87e13c,In The Summer Of His Years,Connie Francis,1964,6,46,https://genius.com/Connie-francis-in-the-summer-of-his-years-lyrics,coder_a,0,"Seems to refer to violence in a slightly political tone, but isn't very obvious, just seems more of a traditional country and western piece.",0.6,2026-02-15T16:22:09Z
aeb52d628a488bfa082397d927fa06bf,What Does It Take,Honeymoon Suite,1986,16,52,https://genius.com/Honeymoon-suite-what-does-it-take-lyrics,coder_a,0,love song,1,2026-02-22T16:35:24Z
aeb52d628a488bfa082397d927fa06bf,What Does It Take,Honeymoon Suite,1986,16,52,https://genius.com/Honeymoon-suite-what-does-it-take-lyrics,coder_b,0,Song about a relationship,1,2026-02-25T08:33:49Z
af6d1bd2628e39c00d890f81ac2c3d4a,Viva La Vida,Coldplay,2008,51,1,https://genius.com/Coldplay-viva-la-vida-lyrics,coder_a,1,"It was a wicked and wild wind
Blew down the doors to let me in
Shattered windows and the sound of drums
People couldn't believe what I'd become
And revolutionaries wait
For my head on a silver plate
Just a puppet on a lonely string (Mmm, mmm)
Aw, who would ever wanna be king?",0.7,2026-02-21T12:14:38Z
af6d1bd2628e39c00d890f81ac2c3d4a,Viva La Vida,Coldplay,2008,51,1,https://genius.com/Coldplay-viva-la-vida-lyrics,coder_b,1,"People couldn't believe what I'd become
And revolutionaries wait
For my head on a silver plate

Aw, who would ever wanna be king?",0.8,2026-02-23T00:00:15Z
aff000d189a21d097f696d8ebdb993f2,We Need Order,The Chi-lites,1972,6,61,https://genius.com/The-chi-lites-we-need-order-lyrics,coder_b,1,"The world today is in so many pieces
People searching for so many ways
Of releasing their disappointments and fears
So, come on with the pills and the tears

We need order, we need order
We're hung up on the knowledge of war
Something, that most of us have never seen
But, how sweet it would be to wake up in the morning",1,2026-02-25T00:27:54Z
aff000d189a21d097f696d8ebdb993f2,We Need Order,The Chi-lites,1972,6,61,https://genius.com/The-chi-lites-we-need-order-lyrics,coder_a,1,"Man is tempted to take
If not for himself then for his children
But, they can't help themselves
But rely on a prayer and a little religion",1,2026-02-22T15:51:08Z
b011a43327a2acce0909daf7bab0f099,The Burning Of Atlanta,Claude King,1962,6,53,https://genius.com/Claude-king-the-burning-of-atlanta-lyrics,coder_a,1,"And through the smoke, through the flames, over the cannon's roar
You could hear them rebels call, ""We ain't scared of y'all!""
""We don't care what the Yankees say, the South's gonna rise again!""
""We're tough as nails, and they better turn tails and head back where they've been!""
""They took our beans and the fat back pony!""
""We've still got our Confederate money!""
""We don't care what the Yankees say, the South's gonna rise again!""",1,2026-02-23T18:42:30Z
b011a43327a2acce0909daf7bab0f099,The Burning Of Atlanta,Claude King,1962,6,53,https://genius.com/Claude-king-the-burning-of-atlanta-lyrics,coder_b,1,"Back in 1864, on a cold November's morn
The burning of Atlanta was a sad and a dreary one
For Sherman came a marching with a hundred thousand men",1,2026-02-25T09:08:57Z
b0a7a6e774d22e5c89f232ace8d03a53,In The Ghetto,Candi Staton,1972,11,48,https://genius.com/Candi-staton-in-the-ghetto-lyrics,coder_b,1,"As the snow flies
On a cold and gray Chicago morn'
A poor little baby child is born
In the ghetto (In the ghetto)
And his mama cries

For if there's one thing that she don't need
It's another little hungry mouth to feed
In the ghetto (In the ghetto)",1,2026-02-24T22:59:08Z
b0a7a6e774d22e5c89f232ace8d03a53,In The Ghetto,Candi Staton,1972,11,48,https://genius.com/Candi-staton-in-the-ghetto-lyrics,coder_a,1,About racial issues,1,2026-02-21T14:28:00Z
b1c31c54185e1ac7cde8822f61f71b48,Talkin' Bout A Revolution,Tracy Chapman,1988,4,75,https://genius.com/Tracy-chapman-talkin-bout-a-revolution-2015-remastered-lyrics,coder_b,1,"Don't ya know
They're talking about a revolution?
It sounds like a whisper
Poor people gonna rise up",1,2026-02-25T00:44:10Z
b1c31c54185e1ac7cde8822f61f71b48,Talkin' Bout A Revolution,Tracy Chapman,1988,4,75,https://genius.com/Tracy-chapman-talkin-bout-a-revolution-2015-remastered-lyrics,coder_a,1,"Don't ya know
They're talking about a revolution?
It sounds like a whisper
Don't ya know
They're talking about a revolution?
It sounds like a whisper

[Verse]
While they're standing in the welfare lines
Crying at the doorsteps of those armies of salvation
Wasting time in the unemployment lines
Sittin' around waitin' for a promotion",1,2026-02-22T15:58:18Z
b20346b23e803a250fcde60f908aacb2,Clones (We're All),Alice Cooper,1980,9,40,https://genius.com/Alice-cooper-clones-were-all-lyrics,coder_a,1,"We destroyed the government
We're destroying time
No more problems on the way
I'm through doctor
We don't need your kind
The other ones, ugly ones
Stupid boys, wrong ones",1,2026-02-22T15:57:39Z
b20346b23e803a250fcde60f908aacb2,Clones (We're All),Alice Cooper,1980,9,40,https://genius.com/Alice-cooper-clones-were-all-lyrics,coder_b,1,"We destroyed the government
We're destroying time
No more problems on the way",1,2026-02-25T00:41:56Z
b2058d0365dcbc090f079fbf2e4e8de2,Funky Broadway Part I,Dyke And The Blazers,1967,15,65,https://genius.com/Dyke-and-the-blazers-funky-broadway-part-i-lyrics,coder_a,0,About dancing and broadway,1,2026-02-22T14:58:41Z
b2058d0365dcbc090f079fbf2e4e8de2,Funky Broadway Part I,Dyke And The Blazers,1967,15,65,https://genius.com/Dyke-and-the-blazers-funky-broadway-part-i-lyrics,coder_b,0,Song about dancing,1,2026-02-24T23:52:59Z
b289858cc3513df015532ab34705d6e7,You And Your Folks; Me And My Folks,Funkadelic,1971,2,91,https://genius.com/Funkadelic-you-and-your-folks-me-and-my-folks-lyrics,coder_b,1,"You want peace (Yeah, yeah, yeah)
I want peace
They want peace (Yeah, yeah, yeah)
And the kids need peace
Yeah, yeah, yeah
There won't be no peace (Yeah, yeah, yeah)
The rich got a big piece of this and that (Yeah, yeah, yeah)
The poor got a big piece of roaches and rats (Yeah, yeah, yeah)
Can you get to that? (Yeah, yeah, yeah)
Tell me where it's at (Yeah, yeah, yeah)",1,2026-02-25T10:26:44Z
b289858cc3513df015532ab34705d6e7,You And Your Folks; Me And My Folks,Funkadelic,1971,2,91,https://genius.com/Funkadelic-you-and-your-folks-me-and-my-folks-lyrics,coder_a,1,"Ha, but if in our fears, we don't learn to trust each other
And if in our tears, we don't learn to share with your brother
You know that hate is gonna keep on multiplying
And you know that man is gonna keep right on dying",1,2026-02-24T20:52:19Z
b2fe36b8fc030dcb6d2ae9ee22f2fdb5,Motivation,Normani,2019,10,33,https://genius.com/Normani-motivation-lyrics,coder_a,0,love song,1,2026-02-16T18:07:45Z
b2fe36b8fc030dcb6d2ae9ee22f2fdb5,Motivation,Normani,2019,10,33,https://genius.com/Normani-motivation-lyrics,coder_b,0,Song about a relationship,1,2026-02-17T23:02:37Z
b3aee80eeb6fa825ed8de3b9635994ff,The Unknown Soldier,The Doors,1968,8,39,https://genius.com/The-doors-the-unknown-soldier-lyrics,coder_a,1,about war,1,2026-02-22T16:36:22Z
b3aee80eeb6fa825ed8de3b9635994ff,The Unknown Soldier,The Doors,1968,8,39,https://genius.com/The-doors-the-unknown-soldier-lyrics,coder_b,1,"Wait until the war is over
And we're both a little older
The unknown soldier
Make a grave for the unknown soldier",1,2026-02-25T08:34:15Z
b4a69860e67bd6933c0784fbca92945e,Hush,Billy Joe Royal,1967,8,52,https://genius.com/Billy-joe-royal-hush-lyrics,coder_a,0,love song,1,2026-03-02T18:06:06Z
b4a69860e67bd6933c0784fbca92945e,Hush,Billy Joe Royal,1967,8,52,https://genius.com/Billy-joe-royal-hush-lyrics,coder_b,0,A song about love,1,2026-02-25T12:11:55Z
b4ae5a52f5d9fedef92ff92b63f4530b,Blame It On The Rain,Milli Vanilli,1989,23,1,https://genius.com/Milli-vanilli-blame-it-on-the-rain-lyrics,coder_b,0,Song about the rain,1,2026-02-25T08:41:55Z
b4ae5a52f5d9fedef92ff92b63f4530b,Blame It On The Rain,Milli Vanilli,1989,23,1,https://genius.com/Milli-vanilli-blame-it-on-the-rain-lyrics,coder_a,0,love song,1,2026-02-22T16:47:15Z
b616544aa09050ca85c0ec851aa5c2d8,The Way It Is,Bruce Hornsby & The Range,1986,22,1,https://genius.com/Bruce-hornsby-and-the-range-the-way-it-is-lyrics,coder_b,1,"Standing in line, marking time
Waiting for the welfare dime
'Cause they can't buy a job
The man in the silk suit hurries by
As he catches the poor old ladies' eyes
Just for fun, he says, ""Get a job",1,2026-02-17T23:49:46Z
b616544aa09050ca85c0ec851aa5c2d8,The Way It Is,Bruce Hornsby & The Range,1986,22,1,https://genius.com/Bruce-hornsby-and-the-range-the-way-it-is-lyrics,coder_a,1,"Standing in line, marking time
Waiting for the welfare dime
'Cause they can't buy a job
The man in the silk suit hurries by
As he catches the poor old ladies' eyes
Just for fun, he says, ""Get a job""",1,2026-02-16T18:16:54Z
b72a52bbbae50712c377e284664fb379,Give It Up,Public Enemy,1994,14,33,https://genius.com/Public-enemy-give-it-up-lyrics,coder_a,1,"And who's behind putting the guns to the young ones?
The ones that make 'em is the ones that take 'em
Rugged for no reason, down in duck season
I don't want my mama, on the street wearing armor
So check yourself before ya wreck yourself
Respect yourself, ha, you gotta give it up",0.9,2026-02-23T18:19:02Z
b72a52bbbae50712c377e284664fb379,Give It Up,Public Enemy,1994,14,33,https://genius.com/Public-enemy-give-it-up-lyrics,coder_b,1,"No gangsta lyin', I'd rather diss Presidents
Dead or alive, bring 'em and I'll swing 'em
Give a piece of my time, to prevent some crime
And who's behind putting the guns to the young ones?
The ones that make 'em is the ones that take 'em
I don't want my mama, on the street wearing armor
So check yourself before ya wreck yourself",1,2026-02-25T09:02:57Z
b7f7c6da483adc67cf729b79b7794ed0,Tennessee Bird Walk,Jack Blanchard & Misty Morgan,1970,13,23,https://genius.com/Jack-blanchard-and-misty-morgan-tennessee-bird-walk-lyrics,coder_b,1,an analogy for state services,1,2026-02-25T10:07:02Z
b7f7c6da483adc67cf729b79b7794ed0,Tennessee Bird Walk,Jack Blanchard & Misty Morgan,1970,13,23,https://genius.com/Jack-blanchard-and-misty-morgan-tennessee-bird-walk-lyrics,coder_a,1,"Won't have to sit upon the ground, uum
How about some wings so the
Birds won't have to walk to get around
And how about a bird bath or two
So the birds will all be clean
How about some feathers so their
Underwear no longer can be seen
How about a chirp so the birds
Won't have to whisper when they sing
And how about some common sense so they
Won't be blocking traffic in the spring",1,2026-02-24T20:28:17Z
b85428d59d9e1f3ac6ad7a8e2bdbc005,Renaissance,Eminem,2024,2,20,https://genius.com/Eminem-renaissance-lyrics,coder_b,0,Song about making it in reference to success,0.9,2026-02-25T00:40:19Z
b85428d59d9e1f3ac6ad7a8e2bdbc005,Renaissance,Eminem,2024,2,20,https://genius.com/Eminem-renaissance-lyrics,coder_a,0,about rival rappers,0.4,2026-02-22T15:56:40Z
b8733fefbc3f673b2ee7e3b08093f838,Guantanamera,The Sandpipers,1966,11,9,https://genius.com/The-sandpipers-guantanamera-lyrics,coder_b,1,"Translated : The last verse says, ""With the poor of the earth""
""With the poor people of this earth I want to share my fate
The mountain streams please me more than the sea""
(With the poor of the earth
I want to cast my lot
With the poor of the earth",1,2026-02-25T11:15:12Z
b8733fefbc3f673b2ee7e3b08093f838,Guantanamera,The Sandpipers,1966,11,9,https://genius.com/The-sandpipers-guantanamera-lyrics,coder_a,1,"google translate: With the poor of the earth
I want to cast my lot
With the poor of the earth
I want to cast my lot
The mountain stream
Pleases me more than the sea",0.3,2026-02-26T19:30:52Z
b8d4159710930a4fba553ff1111cfaad,Tarkio Road,Brewer And Shipley,1971,8,55,https://genius.com/Brewer-and-shipley-tarkio-road-lyrics,coder_b,1,"Talks about treatment from the police ""Better cool it, bound and gagged
Is that the ways on the American flag"". Notes living a constitutional life.",0.9,2026-02-14T23:13:23Z
b8d4159710930a4fba553ff1111cfaad,Tarkio Road,Brewer And Shipley,1971,8,55,https://genius.com/Brewer-and-shipley-tarkio-road-lyrics,coder_a,1,"Abbie and Rubin lyin' in jail
Learning about the price of bein' free
Trying to live the Constitutional life
And being held back by hypocrisy
Carry the load, my brother
You're just like oh so many others
Ooh, the children reject it
And the police inspect it
You're tied to the chair
Better cool it, bound and gagged
Is that the ways on the American flag",1,2026-02-15T16:39:18Z
b9344470aba76dec87dfd7211bff16d1,Sunny And 75,Joe Nichols,2013,20,39,https://genius.com/Joe-nichols-sunny-and-75-lyrics,coder_a,0,love song,1,2026-02-21T14:52:30Z
b9344470aba76dec87dfd7211bff16d1,Sunny And 75,Joe Nichols,2013,20,39,https://genius.com/Joe-nichols-sunny-and-75-lyrics,coder_b,0,"Song about love, relationships and summer",1,2026-02-24T23:21:12Z
b975e4c4599280e80c0e5fa133bbd353,Superman (It's Not Easy),Five for Fighting,2002,35,14,https://genius.com/Five-for-fighting-superman-its-not-easy-lyrics,coder_b,0,Song about being a superman and imposter syndrome,1,2026-02-25T08:50:14Z
b975e4c4599280e80c0e5fa133bbd353,Superman (It's Not Easy),Five for Fighting,2002,35,14,https://genius.com/Five-for-fighting-superman-its-not-easy-lyrics,coder_a,0,About being a superhero,1,2026-02-22T17:00:32Z
b99104148975cc83834a0037636353f3,Sweetheart Like You,Bob Dylan,1984,9,55,https://genius.com/Bob-dylan-sweetheart-like-you-lyrics,coder_b,1,"A song about protecting a women and love but has the lines : They say that patriotism is the last refuge
To which a scoundrel clings
Steal a little and they throw you in jail
Steal a lot and they make you king
There’s only one step down from here, baby
It’s called the land of permanent bliss
What’s a sweetheart like you doing in a dump like this?",0.6,2026-02-25T12:05:49Z
b99104148975cc83834a0037636353f3,Sweetheart Like You,Bob Dylan,1984,9,55,https://genius.com/Bob-dylan-sweetheart-like-you-lyrics,coder_a,1,"They say that patriotism is the last refuge
To which a scoundrel clings
Steal a little and they throw you in jail
Steal a lot and they make you king
There’s only one step down from here, baby
It’s called the land of permanent bliss
What’s a sweetheart like you doing in a dump like this?",1,2026-03-02T17:56:10Z
b9b317bd9c522037054cc059413ba311,Wind Of Change,Scorpions,1991,25,4,https://genius.com/Scorpions-wind-of-change-lyrics,coder_a,1,"Protest song about changing things for the better, potentially about the collapse of the Soviet Union: ""I follow the Moskva
Down to Gorky Park
Listening to the wind of change
An August summer night
Soldiers passing by
Listening to the wind of change""",0.8,2026-02-15T16:29:28Z
b9b317bd9c522037054cc059413ba311,Wind Of Change,Scorpions,1991,25,4,https://genius.com/Scorpions-wind-of-change-lyrics,coder_b,1,"Moskva and Gorky Park are political places, coupled with mentions of soldiers, this song seems to be political",0.7,2026-02-14T22:51:42Z
ba99c0e37de0e4a37ee3a7183dd7e2c6,Working Class Hero,Green Day,2007,6,53,https://genius.com/Green-day-working-class-hero-lyrics,coder_a,1,"A working-class hero is something to be

[Verse 2]
They hurt you at home, and they hit you at school
They hate if you're clever, and despise a fool
Until you're so fucking crazy, you can't follow their rules",1,2026-02-22T15:59:05Z
ba99c0e37de0e4a37ee3a7183dd7e2c6,Working Class Hero,Green Day,2007,6,53,https://genius.com/Green-day-working-class-hero-lyrics,coder_b,1,"They keep you doped up with religion and sex and TV
And you think you're so clever and classless and free
But you're still fucking peasants as far as I can see
A working-class hero is something to be",0.9,2026-02-25T00:44:44Z
bb5f5d6ca55af67d89622dd8b6440e9a,Pool Of Bad Luck,Joe Simon,1972,8,42,https://genius.com/Joe-simon-pool-of-bad-luck-lyrics,coder_b,0,Song about having bad luck,1,2026-02-25T10:58:34Z
bb5f5d6ca55af67d89622dd8b6440e9a,Pool Of Bad Luck,Joe Simon,1972,8,42,https://genius.com/Joe-simon-pool-of-bad-luck-lyrics,coder_a,0,love song,1,2026-02-26T18:00:11Z
bb616bc55f90aa9aaa3611af69a0b11c,Foolin' Yourself,Aldo Nova,1982,6,65,https://genius.com/Aldo-nova-foolin-yourself-lyrics,coder_b,0,Song about being in a relationship and the post-break up.,1,2026-02-24T23:38:00Z
bb616bc55f90aa9aaa3611af69a0b11c,Foolin' Yourself,Aldo Nova,1982,6,65,https://genius.com/Aldo-nova-foolin-yourself-lyrics,coder_a,0,about infidelity,1,2026-02-22T14:41:34Z
bbd3b6c8e520455bda298728f368b799,Born To Lose,Ray Charles,1962,9,41,https://genius.com/Ray-charles-born-to-lose-lyrics,coder_b,1,Song about losing someone,1,2026-02-22T23:37:48Z
bbd3b6c8e520455bda298728f368b799,Born To Lose,Ray Charles,1962,9,41,https://genius.com/Ray-charles-born-to-lose-lyrics,coder_a,0,love song,0.9,2026-02-16T18:30:32Z
bd045b2f3de551af1605e931625393d0,In Your Letter,REO Speedwagon,1981,13,20,https://genius.com/Reo-speedwagon-in-your-letter-lyrics,coder_a,0,love song,1,2026-02-21T14:50:21Z
bd045b2f3de551af1605e931625393d0,In Your Letter,REO Speedwagon,1981,13,20,https://genius.com/Reo-speedwagon-in-your-letter-lyrics,coder_b,0,Song about a letter and relationships,1,2026-02-24T23:20:18Z
bd7e29ba33fe1d20236627ee58b6de16,The Other Woman,Vicki Lawrence,1975,3,81,https://genius.com/Vicki-lawrence-the-other-woman-lyrics,coder_a,0,About cheating and winning over her husband,0.8,2026-02-21T14:05:24Z
bd7e29ba33fe1d20236627ee58b6de16,The Other Woman,Vicki Lawrence,1975,3,81,https://genius.com/Vicki-lawrence-the-other-woman-lyrics,coder_b,0,Song about a relationship and cheating,1,2026-02-24T22:49:08Z
bde25dcd13343a913a4878b2b3c7318d,Ye vs The People,Kanye West Featuring T.I.,2018,1,85,https://genius.com/Kanye-west-ye-vs-the-people-starring-ti-as-the-people-lyrics,coder_a,1,"I know Obama was heaven-sent
But ever since Trump won, it proved that I could be president
Yeah, you can, at what cost though?",1,2026-02-23T18:31:58Z
bde25dcd13343a913a4878b2b3c7318d,Ye vs The People,Kanye West Featuring T.I.,2018,1,85,https://genius.com/Kanye-west-ye-vs-the-people-starring-ti-as-the-people-lyrics,coder_b,1,"I know Obama was heaven-sent
But ever since Trump won, it proved that I could be president
Yeah, you can, at what cost though?",1,2026-02-25T09:05:46Z
be4d4660822d020ce48522239405dbae,Back To Sleep,Chris Brown,2016,20,20,https://genius.com/Chris-brown-back-to-sleep-remix-lyrics,coder_a,0,about sex,1,2026-02-22T16:40:57Z
be4d4660822d020ce48522239405dbae,Back To Sleep,Chris Brown,2016,20,20,https://genius.com/Chris-brown-back-to-sleep-remix-lyrics,coder_b,0,Song about a relationship,1,2026-02-25T08:35:33Z
be7ac2d9e64e5057da1e4b8e7675fca1,True True Happiness,Johnny Tillotson,1959,9,54,https://genius.com/Johnny-tillotson-true-true-happiness-lyrics,coder_b,0,Song about true happiness,1,2026-02-25T09:29:06Z
be7ac2d9e64e5057da1e4b8e7675fca1,True True Happiness,Johnny Tillotson,1959,9,54,https://genius.com/Johnny-tillotson-true-true-happiness-lyrics,coder_a,0,Song about happiness and love,1,2026-02-24T20:23:06Z
be7e38ea4e3f53618852b0a2068b9b14,She Ain't Pretty,The Northern Pikes,1992,5,86,https://genius.com/The-northern-pikes-she-aint-pretty-lyrics,coder_a,0,love song,1,2026-02-15T17:25:41Z
be7e38ea4e3f53618852b0a2068b9b14,She Ain't Pretty,The Northern Pikes,1992,5,86,https://genius.com/The-northern-pikes-she-aint-pretty-lyrics,coder_b,0,Song is about artificial looks vs personality.,1,2026-02-16T22:49:51Z
bea5a2fbbaeb65ee1d6b5a7624de5169,Court Of Love,The Unifics,1968,9,25,https://genius.com/The-unifics-the-court-of-love-lyrics,coder_a,0,love song,1,2026-02-22T15:50:37Z
bea5a2fbbaeb65ee1d6b5a7624de5169,Court Of Love,The Unifics,1968,9,25,https://genius.com/The-unifics-the-court-of-love-lyrics,coder_b,0,Seems to be a love song though there is judicial elements,0.9,2026-02-25T00:27:25Z
bed032ab29a6ccb3f6a0e071c52b86d6,House At Pooh Corner,Nitty Gritty Dirt Band,1971,13,53,https://genius.com/Nitty-gritty-dirt-band-house-at-pooh-corner-lyrics,coder_b,0,Song is about Winnie the Pooh. Not political,1,2026-02-14T23:31:13Z
bed032ab29a6ccb3f6a0e071c52b86d6,House At Pooh Corner,Nitty Gritty Dirt Band,1971,13,53,https://genius.com/Nitty-gritty-dirt-band-house-at-pooh-corner-lyrics,coder_a,0,Song about childrens' character Winnie the Pooh.,1,2026-02-15T16:52:31Z
bf41094a1c3b244a35559b72294889fa,Feel Alone,Juice WRLD,2021,1,98,https://genius.com/Juice-wrld-feel-alone-lyrics,coder_a,0,About drug abuse,0.7,2026-02-26T18:26:33Z
bf41094a1c3b244a35559b72294889fa,Feel Alone,Juice WRLD,2021,1,98,https://genius.com/Juice-wrld-feel-alone-lyrics,coder_b,0,A song about feeling depressed.,1,2026-02-25T11:03:52Z
c0253a5f48ce2fd860a2a4455582aaad,Blood.,Kendrick Lamar,2017,1,54,https://genius.com/Kendrick-lamar-blood-lyrics,coder_b,1,Song mentions police brutality.,1,2026-02-16T22:25:38Z
c0253a5f48ce2fd860a2a4455582aaad,Blood.,Kendrick Lamar,2017,1,54,https://genius.com/Kendrick-lamar-blood-lyrics,coder_a,1,Commentary on police brutality and violence.,1,2026-02-15T17:03:14Z
c1a2948a47b1026ecdb3d5f1490568be,Nika,Vicious,1995,11,69,https://genius.com/Lil-vicious-nika-lyrics,coder_b,0,Song about love and dating.,1,2026-02-24T23:33:19Z
c1a2948a47b1026ecdb3d5f1490568be,Nika,Vicious,1995,11,69,https://genius.com/Lil-vicious-nika-lyrics,coder_a,0,love song,1,2026-02-22T14:34:15Z
c1f837e3ddf299c7c46f3101bf475ed5,The Gap,Thompson Twins,1984,6,69,https://genius.com/Thompson-twins-the-gap-lyrics,coder_b,1,"Song seems to be about the middle east? Talks about the gap between East and West ; They say
East is east, west is west (Ooh)
Two diff'rent colors on the map
We say break the line, chew the fat
A keep moving out into the gap",0.7,2026-02-25T08:40:50Z
c1f837e3ddf299c7c46f3101bf475ed5,The Gap,Thompson Twins,1984,6,69,https://genius.com/Thompson-twins-the-gap-lyrics,coder_a,0,"Beggars in the back street, there for all the world to leave
It's you that's begging for attention
Well it's all the same to me
And I won't ask permission, not from teachers or from kings
'Cause I can see for myself all the pain that you will bring",1,2026-02-22T16:46:18Z
c2047d3a053e3d42b43c28c63d4f814b,Ungrateful,Megan Thee Stallion Featuring Key Glock,2022,1,82,https://genius.com/Megan-thee-stallion-ungrateful-lyrics,coder_b,0,Song about jealousy and backstabbing,1,2026-02-25T10:57:43Z
c2047d3a053e3d42b43c28c63d4f814b,Ungrateful,Megan Thee Stallion Featuring Key Glock,2022,1,82,https://genius.com/Megan-thee-stallion-ungrateful-lyrics,coder_a,0,About 'haters',0.7,2026-02-26T17:56:00Z
c2093081cc3c2d67d05d21e4886d7dfd,Try Everything,Shakira,2016,9,63,https://genius.com/Shakira-try-everything-lyrics,coder_a,0,about positivity and self confidence,0.7,2026-02-21T14:40:42Z
c2093081cc3c2d67d05d21e4886d7dfd,Try Everything,Shakira,2016,9,63,https://genius.com/Shakira-try-everything-lyrics,coder_b,0,Song about trying everything.,1,2026-02-24T23:08:43Z
c20d57022f59436abc9e8d65721c94d6,Jesus Lord,Kanye West,2021,2,26,https://genius.com/Kanye-west-jesus-lord-lyrics,coder_b,1,"A song about drug abuse, depression and the cycle of poverty and gang violence.",0.7,2026-02-25T12:11:21Z
c20d57022f59436abc9e8d65721c94d6,Jesus Lord,Kanye West,2021,2,26,https://genius.com/Kanye-west-jesus-lord-lyrics,coder_a,1,religious themes,1,2026-03-02T18:05:16Z
c28a7c4823802468ac732bd35e77a69e,Stop The War Now,Edwin Starr,1971,8,26,https://genius.com/Edwin-starr-stop-the-war-now-lyrics,coder_b,1,"Alright, yeah
Make the sound of peace sing out
(Stop the war, now)
Everybody, don’t put if off another day
Make your voices roar",1,2026-02-25T09:17:12Z
c28a7c4823802468ac732bd35e77a69e,Stop The War Now,Edwin Starr,1971,8,26,https://genius.com/Edwin-starr-stop-the-war-now-lyrics,coder_a,1,"(Stop the war, now)
Just like thunder y’all
Don’t put it off another day
Sing a song now
(Stop the war, now)
Listen to me, y'all
(Don’t put it off) another day
Listen to me",1,2026-02-23T18:56:00Z
c2e623c7c2f024a9766322d25148222e,Lawyers In Love,Jackson Browne,1983,15,13,https://genius.com/Jackson-browne-lawyers-in-love-lyrics,coder_b,1,"God sends his spaceships to America the beautiful
They land at six o'clock and there we are, the dutiful
Eating from TV trays
Tuned into Happy Days
Waiting for World War III while Jesus slaves
To the mating calls of lawyers in love
Last night I watched the news from Washington, the capital
The Russians escaped while we weren't watching them, like Russians will
Now we've got all this room
We've even got the moon
And I hear the USSR will be open soon
As vacation land for lawyers in love
Lawyers in love",1,2026-02-25T11:17:50Z
c2e623c7c2f024a9766322d25148222e,Lawyers In Love,Jackson Browne,1983,15,13,https://genius.com/Jackson-browne-lawyers-in-love-lyrics,coder_a,1,"I can't keep up with what's been going down
I think my heart must just be slowing down
Among the human beings
In their designer jeans
Am I the only one who hears the screams
And the strangled cries of lawyers in love?

[Verse 2]
God sends his spaceships to America the beautiful
They land at six o'clock and there we are, the dutiful
Eating from TV trays
Tuned into Happy Days
Waiting for World War III while Jesus slaves
To the mating calls of lawyers in love",1,2026-02-26T19:35:46Z
c2ed2da8826e77340f515412cc64d680,Kings And Queens,Aerosmith,1978,5,70,https://genius.com/Aerosmith-kings-and-queens-lyrics,coder_a,1,"Long ago in days untold
Were ruled by lords of greed
Maidens fared with gold
They dared to bare their wombs that bleed
Kings and queens and guillotines
Taking lives denied
Starch and parchment laid the laws
When bishops took the ride
Only to deceive",0.8,2026-02-16T18:29:14Z
c2ed2da8826e77340f515412cc64d680,Kings And Queens,Aerosmith,1978,5,70,https://genius.com/Aerosmith-kings-and-queens-lyrics,coder_b,1,"Long ago in days untold
Were ruled by lords of greed
Maidens fared with gold
They dared to bare their wombs that bleed
Kings and queens and guillotines",0.7,2026-02-18T23:12:14Z
c2f194a1657eb8a8f157bbb38e64cb0d,Yes We Can Can,The Pointer Sisters,1973,16,11,https://genius.com/The-pointer-sisters-yes-we-can-can-lyrics,coder_b,0,Song seems to be about doing better as men. Though they state they are working towards creating a better land for the future which could be read as political,0.7,2026-02-14T23:11:21Z
c2f194a1657eb8a8f157bbb38e64cb0d,Yes We Can Can,The Pointer Sisters,1973,16,11,https://genius.com/The-pointer-sisters-yes-we-can-can-lyrics,coder_a,1,About world peace with feminist undertones and advocates for childrens' rights.,1,2026-02-15T16:37:47Z
c31fcad05736517b7efb8f3069b81fcd,Oui,Jeremih,2016,27,19,https://genius.com/Jeremih-oui-lyrics,coder_a,0,love song,1,2026-02-21T14:57:45Z
c31fcad05736517b7efb8f3069b81fcd,Oui,Jeremih,2016,27,19,https://genius.com/Jeremih-oui-lyrics,coder_b,0,Song about love,1,2026-02-24T23:23:14Z
c3701fb50a6d67c654b8902229f508a9,La Mudanza,Bad Bunny,2025,4,51,https://genius.com/Bad-bunny-la-mudanza-lyrics,coder_a,1,"Google translated bit: Here they killed people for waving the flag
That's why now I take it everywhere",0.8,2026-02-23T18:13:12Z
c3701fb50a6d67c654b8902229f508a9,La Mudanza,Bad Bunny,2025,4,51,https://genius.com/Bad-bunny-la-mudanza-lyrics,coder_b,1,Song in spanish but - nationalistic towards Puerto Rico,1,2026-02-25T09:00:12Z
c47050f8d61ee398574f9edcdad09743,My Cherie,Al Martino,1965,3,88,https://genius.com/Al-martino-my-cherie-lyrics,coder_a,0,love song,1,2026-02-22T14:39:10Z
c47050f8d61ee398574f9edcdad09743,My Cherie,Al Martino,1965,3,88,https://genius.com/Al-martino-my-cherie-lyrics,coder_b,0,Song about love,1,2026-02-24T23:37:09Z
c48d3f77a9151caebd2477e361df334a,The Good Lord Loves You,Neil Diamond,1980,6,67,https://genius.com/Neil-diamond-the-good-lord-loves-you-lyrics,coder_b,1,"And I'm singing this song
For the leaders of every land
For every political
And every military man
And for every mother and child
In their kingdoms below
The Good Lord Loves You",1,2026-02-25T10:51:38Z
c48d3f77a9151caebd2477e361df334a,The Good Lord Loves You,Neil Diamond,1980,6,67,https://genius.com/Neil-diamond-the-good-lord-loves-you-lyrics,coder_a,1,"And I'm singing this song
For the leaders of every land
For every political
And every military man
And for every mother and child
In their kingdoms below
The Good Lord Loves You",1,2026-02-26T17:43:33Z
c4a7fc43c495fb109eed1ef01557660d,I Wonder If Heaven Got A Ghetto,2Pac,1997,11,67,https://genius.com/2pac-i-wonder-if-heaven-got-a-ghetto-lyrics,coder_a,1,"I wonder if Heaven got a ghetto

[Verse 1]
I was raised, a little young nigga doin' bad shit
Talk much shit, ‘cause I never had shit
I could remember being whupped in class
And if I didn't pass, Mama whupped my ass
Was it my fault Papa didn't plan it out?
Broke out, left me to be the man of the house
I couldn't take it, had to make a profit
Found a block, got a Glock, and I clock grips
Makin' G's was my mission",1,2026-02-21T14:31:02Z
c4a7fc43c495fb109eed1ef01557660d,I Wonder If Heaven Got A Ghetto,2Pac,1997,11,67,https://genius.com/2pac-i-wonder-if-heaven-got-a-ghetto-lyrics,coder_b,1,"Black people on a rage, police, so don't try it
If you're not from the town then don't pass through",1,2026-02-24T23:01:42Z
c53760f1bd19c468c03bff018d77e732,There But For Fortune,Joan Baez,1965,7,50,https://genius.com/Joan-baez-there-but-for-fortune-lyrics,coder_a,1,"Show me the prison, show me the jail
Show me the prisoner whose life has gone stale
And I'll show you a young man with so many reasons why
But there but for fortune go you or I, hmm-mmm",1,2026-02-22T15:31:44Z
c53760f1bd19c468c03bff018d77e732,There But For Fortune,Joan Baez,1965,7,50,https://genius.com/Joan-baez-there-but-for-fortune-lyrics,coder_b,1,"Show me the prison, show me the jail
Show me the prisoner whose life has gone stale
And I'll show you a young man with so many reasons why
But there but for fortune go you or I, hmm-mmm",0.8,2026-02-25T00:12:42Z
c552c0285b3a89a4db608c59fe5aed77,I Wonder,Brenda Lee,1963,8,25,https://genius.com/Brenda-lee-i-wonder-lyrics,coder_b,0,Song about travelling and love,1,2026-02-25T11:18:37Z
c552c0285b3a89a4db608c59fe5aed77,I Wonder,Brenda Lee,1963,8,25,https://genius.com/Brenda-lee-i-wonder-lyrics,coder_a,0,love song,1,2026-02-26T19:38:45Z
c59fc7551495b1af7e5273f76923d139,Paint The Town Red,Doja Cat,2023,37,1,https://genius.com/Doja-cat-paint-the-town-red-lyrics,coder_b,0,A song about being famous and making money,1,2026-02-25T12:13:49Z
c59fc7551495b1af7e5273f76923d139,Paint The Town Red,Doja Cat,2023,37,1,https://genius.com/Doja-cat-paint-the-town-red-lyrics,coder_a,1,"Said I got drive, I don't need a car
Money really all that we fiendin' for
I'm doin' things they ain't seen before
Fans ain't dumb, but extremists are",0.6,2026-03-02T18:12:58Z
c68866c8f477043465866bc5bb77722b,Love Bug,Bumble Bee Unlimited,1977,5,92,https://genius.com/Bumblebee-unlimited-lady-bug-lyrics,coder_a,0,love song,1,2026-02-22T15:47:39Z
c68866c8f477043465866bc5bb77722b,Love Bug,Bumble Bee Unlimited,1977,5,92,https://genius.com/Bumblebee-unlimited-lady-bug-lyrics,coder_b,0,Song about bugs and love,1,2026-02-25T00:23:25Z
c695406604e70c521a96acf541df4cfb,Why?,Jadakiss Featuring Anthony Hamilton,2004,20,11,https://genius.com/Jadakiss-why-anthony-hamilton-lyrics,coder_b,1,"Why would peoples push pounds and powder
Why did bush knock down the towers
Why you around them cowards
Why Aaliyah have to take that flight
Why they stop lettin' brothers get degrees in jail",0.8,2026-02-25T10:53:43Z
c695406604e70c521a96acf541df4cfb,Why?,Jadakiss Featuring Anthony Hamilton,2004,20,11,https://genius.com/Jadakiss-why-anthony-hamilton-lyrics,coder_a,1,Why did bush knock down the towers,1,2026-02-26T17:47:22Z
c7a0004a2e0a1008bc07fdbcdee4e39b,Everything I Didn't Say,5 Seconds of Summer,2014,1,24,https://genius.com/5-seconds-of-summer-everything-i-didnt-say-lyrics,coder_a,0,love song,1,2026-02-21T14:54:07Z
c7a0004a2e0a1008bc07fdbcdee4e39b,Everything I Didn't Say,5 Seconds of Summer,2014,1,24,https://genius.com/5-seconds-of-summer-everything-i-didnt-say-lyrics,coder_b,0,Song about a relationship and someone who has passed away.,1,2026-02-24T23:22:02Z
c83092ae3df9ef30e2878b5dbdd245e9,"Freddie's Dead (Theme From ""Superfly"")",Curtis Mayfield,1972,16,4,https://genius.com/Curtis-mayfield-freddies-dead-theme-from-superfly-lyrics,coder_b,1,"Everybody's misused him
Ripped him off and abused him
Another junkie plan
Pushin' dope for the man
A terrible blow
But that's how it goes
A Freddie's on the corner now",0.9,2026-02-25T00:03:09Z
c83092ae3df9ef30e2878b5dbdd245e9,"Freddie's Dead (Theme From ""Superfly"")",Curtis Mayfield,1972,16,4,https://genius.com/Curtis-mayfield-freddies-dead-theme-from-superfly-lyrics,coder_a,1,"Everybody's misused him
Ripped him off and abused him
Another junkie plan
Pushin' dope for the man
A terrible blow
But that's how it goes
A Freddie's on the corner now

If you wanna be a junkie, well
Remember Freddie's dead",0.9,2026-02-22T15:11:28Z
c8760d908b23775dd03c9f619fef71f6,Last Kiss,Pearl Jam,1999,21,2,https://genius.com/Pearl-jam-last-kiss-lyrics,coder_b,0,Song is about losing a loved one.,1,2026-02-16T22:46:39Z
c8760d908b23775dd03c9f619fef71f6,Last Kiss,Pearl Jam,1999,21,2,https://genius.com/Pearl-jam-last-kiss-lyrics,coder_a,0,Love song.,1,2026-02-15T17:23:49Z
c8ad919442a80079afa29516bca11b68,We Didn't Start The Fire,Billy Joel,1989,19,1,https://genius.com/Billy-joel-we-didnt-start-the-fire-lyrics,coder_a,1,about political events,1,2026-02-24T20:21:53Z
c8ad919442a80079afa29516bca11b68,We Didn't Start The Fire,Billy Joel,1989,19,1,https://genius.com/Billy-joel-we-didnt-start-the-fire-lyrics,coder_b,1,"Song about all the big events of that decade. 
Harry Truman, Doris Day
Red China, Johnnie Ray
South Pacific
Walter Winchell, Joe DiMaggio
Joe McCarthy, Richard Nixon
Studebaker, television
North Korea, South Korea
Marilyn Monroe",1,2026-02-25T09:28:39Z
c8b32deb9a9d6bb3bf5fc3709c80154a,In The Driver's Seat,John Schneider,1982,6,72,https://genius.com/John-schneider-in-the-drivers-seat-lyrics,coder_b,0,Song talks about driving and living life.,1,2026-02-14T23:21:31Z
c8b32deb9a9d6bb3bf5fc3709c80154a,In The Driver's Seat,John Schneider,1982,6,72,https://genius.com/John-schneider-in-the-drivers-seat-lyrics,coder_a,0,"Mentions being an outlaw, which could be interpreted politically, but seems more in a country and western sense.",0.8,2026-02-15T16:49:23Z
c8f3550ec7b8fad9173438c2e34b6f36,Pink Houses,John Mellencamp,1984,16,8,https://genius.com/John-mellencamp-pink-houses-lyrics,coder_b,1,"Well, there's a black man with a black cat
Livin' in a black neighborhood
He's got an Interstate runnin' through his front yard
You know he thinks he's got it so good
Ain't that America, home of the free, yeah?",1,2026-02-17T22:49:11Z
c8f3550ec7b8fad9173438c2e34b6f36,Pink Houses,John Mellencamp,1984,16,8,https://genius.com/John-mellencamp-pink-houses-lyrics,coder_a,1,"Well, there's people and more people
What do they know, know, know?
Go to work in some high rise
And vacation down at the Gulf of Mexico (Ooh yeah)
And there's winners and there's losers
But they ain't no big deal
'Cause the simple man, baby, pays the thrills
The bills, the pills that kill",0.9,2026-02-15T17:55:56Z
c95fb3e84b19da6997e6a98fb00a7213,What Is Truth,Johnny Cash,1970,8,19,https://genius.com/Johnny-cash-what-is-truth-lyrics,coder_a,1,"A little boy of three sitting on the floor
Looks up and says, ""Daddy, what is war?""
""Son, that's when people fight and die.""
The little boy of three says, ""Daddy, why?""
A young man of seventeen in Sunday school
Being taught the golden rule
And by the time another year has gone around
It may be his turn to lay his life down
Can you blame the voice of youth for asking",1,2026-02-22T16:15:14Z
c95fb3e84b19da6997e6a98fb00a7213,What Is Truth,Johnny Cash,1970,8,19,https://genius.com/Johnny-cash-what-is-truth-lyrics,coder_b,1,"A little boy of three sitting on the floor
Looks up and says, ""Daddy, what is war?""
""Son, that's when people fight and die.""
The little boy of three says, ""Daddy, why?""",1,2026-02-25T00:50:24Z
c9d0938f09e1ebd6d18a057a389fa7fa,Elected,Alice Cooper,1972,8,26,https://genius.com/Alice-cooper-elected-a-fistful-of-alice-lyrics,coder_a,1,"I'm your top prime cut of meat, I'm your choice
I wanna be elected
I'm your yankee doodle dandy in a gold Rolls Royce
I wanna be elected
Kids want a savior, don't need a fake
I wanna be elected
We're all gonna rock to the rules that I make
I wanna be elected, elected, elected",1,2026-02-22T15:23:50Z
c9d0938f09e1ebd6d18a057a389fa7fa,Elected,Alice Cooper,1972,8,26,https://genius.com/Alice-cooper-elected-a-fistful-of-alice-lyrics,coder_b,1,"I never lied to you, I've always been cool
I wanna be elected
I gotta get the vote, and I told you 'bout school
I wanna be elected, elected, elected
Hallelujah, I wanna be selected
Everyone in the United States of America",1,2026-02-25T00:10:03Z
ca3abc92b484e457131d22bd9b22e388,Call Me Maybe,Carly Rae Jepsen,2012,50,1,https://genius.com/Carly-rae-jepsen-call-me-maybe-lyrics,coder_b,0,Song about love and relationships,1,2026-02-24T23:59:58Z
ca3abc92b484e457131d22bd9b22e388,Call Me Maybe,Carly Rae Jepsen,2012,50,1,https://genius.com/Carly-rae-jepsen-call-me-maybe-lyrics,coder_a,0,love song,1,2026-02-22T15:07:24Z
ca5fd8212799b1156fa43e30d1e68f8a,Suburbia,Pet Shop Boys,1987,10,70,https://genius.com/Pet-shop-boys-suburbia-lyrics,coder_b,1,"It's on the front page of the papers:
""This Is Their Hour of Need""
Where's a policeman when you need one",0.7,2026-02-17T22:27:08Z
ca5fd8212799b1156fa43e30d1e68f8a,Suburbia,Pet Shop Boys,1987,10,70,https://genius.com/Pet-shop-boys-suburbia-lyrics,coder_a,1,About life in suburbia and the police,0.7,2026-02-15T17:49:27Z
cad1246d86e73ac612a6e78c62b87d0f,Waking Up Alone,Paul Williams,1972,9,60,https://genius.com/Paul-williams-waking-up-alone-lyrics,coder_b,0,Song about a past lover,1,2026-02-25T11:03:24Z
cad1246d86e73ac612a6e78c62b87d0f,Waking Up Alone,Paul Williams,1972,9,60,https://genius.com/Paul-williams-waking-up-alone-lyrics,coder_a,0,love song,1,2026-02-26T18:21:35Z
cb29cd6eda8403a40be6948649410339,Can't Truss It,Public Enemy,1991,15,50,https://genius.com/Public-enemy-cant-truss-it-lyrics,coder_b,1,"Cost of the holocaust, I'm talkin' 'bout the one still goin' on
I know where I'm from, not dum diddie dum
From the base motherland, the place of the drum
Invaded by the wack diddie wack
And fooled the black, and left us faded
King and chief, probably had a big beef",1,2026-02-25T12:04:55Z
cb29cd6eda8403a40be6948649410339,Can't Truss It,Public Enemy,1991,15,50,https://genius.com/Public-enemy-cant-truss-it-lyrics,coder_a,1,"Now the story that I'm kickin' is gory
Little Rock where they be dockin' this boat
No hope, I'm shackled, oh plus, gang tackled
By the other hand swingin' the rope ""god damn""
Wearin' red, white and blue, Jack and his crew
The guy's authorized beat down for the brown
Man to the man, each one, so I teach one
Born to terrorize sisters and every brother
One love who said it, I know Whodini sang it
But the hater taught hate that's why we gang bang it
Beware of the hand when it's comin' from the left
I ain't trippin, just watch your step
Can't truss it",1,2026-03-02T17:54:42Z
cc3b87de1a96d3c6ca3226a8fb952eab,Anyone For Tennis,Cream,1968,5,64,https://genius.com/Cream-anyone-for-tennis-lyrics,coder_b,0,Song about tennis and differing analogies?,0.6,2026-02-25T09:13:33Z
cc3b87de1a96d3c6ca3226a8fb952eab,Anyone For Tennis,Cream,1968,5,64,https://genius.com/Cream-anyone-for-tennis-lyrics,coder_a,1,"And the ice creams are all melting on the streets of bloody beer
While the beggars stain the pavements with fluorescent Christmas cheer
And the Bentley-driving guru is putting up his price
Anyone for tennis? Wouldn't that be nice?",1,2026-02-23T18:49:43Z
cc78699949dfaf4ce3e7d313a68068c7,F&N,Future,2019,1,83,https://genius.com/Future-f-n-lyrics,coder_b,1,"Song is about gangs, police and hate groups.",0.7,2026-02-16T22:20:47Z
cc78699949dfaf4ce3e7d313a68068c7,F&N,Future,2019,1,83,https://genius.com/Future-f-n-lyrics,coder_a,1,About gang violence and criticising police.,0.7,2026-02-15T16:58:13Z
ccadf8a43f0d2c2d34e4861c6e0b952c,Love Is The Drug,Roxy Music,1976,14,30,https://genius.com/Roxy-music-love-is-the-drug-lyrics,coder_a,0,love song,1,2026-02-22T15:18:48Z
ccadf8a43f0d2c2d34e4861c6e0b952c,Love Is The Drug,Roxy Music,1976,14,30,https://genius.com/Roxy-music-love-is-the-drug-lyrics,coder_b,0,Song about drugs.,0.9,2026-02-25T00:09:37Z
cd422765cc8a8e9c57cffa730d2a0212,Last Friday Night (T.G.I.F.),Katy Perry,2011,24,1,https://genius.com/Katy-perry-last-friday-night-tgif-lyrics,coder_a,0,about partying,1,2026-02-23T18:41:41Z
cd422765cc8a8e9c57cffa730d2a0212,Last Friday Night (T.G.I.F.),Katy Perry,2011,24,1,https://genius.com/Katy-perry-last-friday-night-tgif-lyrics,coder_b,0,Song about partying,1,2026-02-25T09:08:38Z
cdc0e889810e18519209bda6d34fab18,You Belong With Me,Taylor Swift,2009,50,2,https://genius.com/Taylor-swift-you-belong-with-me-lyrics,coder_a,0,love song,1,2026-02-22T15:07:11Z
cdc0e889810e18519209bda6d34fab18,You Belong With Me,Taylor Swift,2009,50,2,https://genius.com/Taylor-swift-you-belong-with-me-lyrics,coder_b,0,Song about relationships and love,1,2026-02-24T23:59:38Z
cdffe1abcba5b892be479c45bec1ba28,Save The Country,Thelma Houston,1970,3,74,https://genius.com/Thelma-houston-save-the-country-lyrics,coder_b,1,"I've got fury in my soul
Fury's gonna take me to the glory goal
In my mind I can't study war no more
Save the people! Save thе children!",1,2026-02-25T11:53:55Z
cdffe1abcba5b892be479c45bec1ba28,Save The Country,Thelma Houston,1970,3,74,https://genius.com/Thelma-houston-save-the-country-lyrics,coder_a,1,"I've got fury in my soul
Fury's gonna take me to the glory goal
In my mind I can't study war no more
Save the people! Save thе children!
Save the country, savе the country now",1,2026-03-02T17:47:23Z
ce26d1d7014a8ac281449d49d282ed91,Honey Come Back,Glen Campbell,1970,9,19,https://genius.com/Glen-campbell-honey-come-back-lyrics,coder_b,0,Song about love,1,2026-02-25T08:55:43Z
ce26d1d7014a8ac281449d49d282ed91,Honey Come Back,Glen Campbell,1970,9,19,https://genius.com/Glen-campbell-honey-come-back-lyrics,coder_a,0,love song,1,2026-02-23T18:04:44Z
ceb75f13ce674f01197acbe84f72974a,Rubber Bullets,10cc,1973,8,73,https://genius.com/10cc-rubber-bullets-lyrics,coder_a,1,"Well the band were playing and the booze began to flow
But the sound came over on the police car radio
Down at Precinct 49
Having a tear-gas of a time
Sergeant Baker got a call from the governor of the county jail

[Chorus: Lol Creme & Kevin Godley]
Load up, load up, load up
With rubber bullets
Load up, load up, load up
With rubber bullets
I love to hear those convicts squeal
It's a shame these slugs ain't real
But we can't have dancin' at the local county jail",1,2026-02-21T12:32:34Z
ceb75f13ce674f01197acbe84f72974a,Rubber Bullets,10cc,1973,8,73,https://genius.com/10cc-rubber-bullets-lyrics,coder_b,1,"Having a tear-gas of a time
Sergeant Baker got a call from the governor of the county jail

[Chorus: Lol Creme & Kevin Godley]
Load up, load up, load up
With rubber bullets
Load up, load up, load up
With rubber bullets
I love to hear those convicts squeal
It's a shame these slugs ain't real
But we can't have dancin' at the local county jail

Well, we don't understand why you called in the National Guard
When Uncle Sam is the one who belongs in the exercise yard
We all got balls and brains
But some's got balls and chains",1,2026-02-24T08:35:43Z
cebf993f9cfc512317751debdc8a03db,Beds Are Burning,Midnight Oil,1988,22,17,https://genius.com/Midnight-oil-beds-are-burning-lyrics,coder_b,1,Song is about aboriginal Australians,1,2026-02-17T21:58:05Z
cebf993f9cfc512317751debdc8a03db,Beds Are Burning,Midnight Oil,1988,22,17,https://genius.com/Midnight-oil-beds-are-burning-lyrics,coder_a,1,About colonialism and Aboriginal rights in an Australian context.,1,2026-02-15T17:41:26Z
cecd30b8373aed7dd9b1716d5bbb6304,Eve Of Destruction,The Turtles,1970,2,100,https://genius.com/The-turtles-eve-of-destruction-lyrics,coder_a,1,"The Eastern world, it is explodin'
Violence flarin', bullets loadin'
You're old enough to kill but not for votin'
You don't believe in war but what's that gun you're totin'?
And even the Jordan River has bodies floatin'",1,2026-02-21T12:05:09Z
cecd30b8373aed7dd9b1716d5bbb6304,Eve Of Destruction,The Turtles,1970,2,100,https://genius.com/The-turtles-eve-of-destruction-lyrics,coder_b,1,"The Eastern world, it is explodin'
Violence flarin', bullets loadin'
You're old enough to kill but not for votin'
You don't believe in war but what's that gun you're totin'?
And even the Jordan River has bodies floatin'",1,2026-02-22T23:41:03Z
cee2e5e4cc4b34a463c619a67c7beae0,For A Dancer,Prelude,1976,8,63,https://genius.com/Prelude-for-a-dancer-lyrics,coder_b,0,Song about losing a love one as they grow up.,1,2026-02-25T10:21:11Z
cee2e5e4cc4b34a463c619a67c7beae0,For A Dancer,Prelude,1976,8,63,https://genius.com/Prelude-for-a-dancer-lyrics,coder_a,0,love song,1,2026-02-24T20:41:15Z
ceee49b119c57c57a6c44f4c84862748,I'll Say Forever My Love,Jimmy Ruffin,1968,5,77,https://genius.com/Jimmy-ruffin-ill-say-forever-my-love-lyrics,coder_a,0,love song,1,2026-02-22T16:39:45Z
ceee49b119c57c57a6c44f4c84862748,I'll Say Forever My Love,Jimmy Ruffin,1968,5,77,https://genius.com/Jimmy-ruffin-ill-say-forever-my-love-lyrics,coder_b,0,Song about love,1,2026-02-25T08:35:06Z
cef36c8f4287cf9d94f6415bc6a56b45,Empire Now,Hozier,2024,1,98,https://genius.com/Hozier-empire-now-lyrics,coder_b,1,"The martyrs of our revolution
Their spinning caused the earth to shake
The problem brought its own solution
They power now the world we've made

[Pre-Chorus]
After all, darlin', I wouldn't sell the world
For all the gold or sterling
If it falls, I would hold on for all its worth
The future's so bright it's burnin'",1,2026-02-25T09:25:05Z
cef36c8f4287cf9d94f6415bc6a56b45,Empire Now,Hozier,2024,1,98,https://genius.com/Hozier-empire-now-lyrics,coder_a,1,"The martyrs of our revolution
Their spinning caused the earth to shake
The problem brought its own solution
They power now the world we've made

[Pre-Chorus]
After all, darlin', I wouldn't sell the world
For all the gold or sterling
If it falls, I would hold on for all its worth
The future's so bright it's burnin'",0.6,2026-02-24T20:17:11Z
d002d4fbdbbda130ffd151baf403d627,Toxicity,System of a Down,2002,13,70,https://genius.com/System-of-a-down-toxicity-lyrics,coder_b,0,Song about disorder but can't tell if this is global disorder or mental turmoil?,0.6,2026-02-24T08:42:19Z
d002d4fbdbbda130ffd151baf403d627,Toxicity,System of a Down,2002,13,70,https://genius.com/System-of-a-down-toxicity-lyrics,coder_a,1,"New, what do you own, the world?
How do you own disorder, disorder?
Now, somewhere between the sacred silence
Sacred silence and sleep
Somewhere between the sacred silence and sleep
Disorder, disorder, disorder",1,2026-02-21T12:37:50Z
d013073bd4662e18af90f896f57adcd3,There Will Never Be Any Peace (Until God Is Seated At The Conference Table),The Chi-lites,1974,7,63,https://genius.com/The-chi-lites-there-will-never-be-any-peace-until-god-is-seated-at-the-conference-table-lyrics,coder_a,1,"There will never be any peace
Until God is seated at the conference table
(He?s at the conference table)

Men are runnin? from land to land
Tryin? to make things alright
Holding meeting after meeting, constantly reaching
For what they maybe thinking is right",1,2026-02-22T16:45:39Z
d013073bd4662e18af90f896f57adcd3,There Will Never Be Any Peace (Until God Is Seated At The Conference Table),The Chi-lites,1974,7,63,https://genius.com/The-chi-lites-there-will-never-be-any-peace-until-god-is-seated-at-the-conference-table-lyrics,coder_b,1,"There will never be any peace
Until God is at the conference table
There will never be any peace
Until God is seated at the conference table",1,2026-02-25T08:39:30Z
d049758cc71087af890c30dbb490698e,Darlin' Darlin' Baby (Sweet; Tender; Love),The O'Jays,1977,4,72,https://genius.com/The-ojays-darlin-darlin-baby-sweet-tender-love-lyrics,coder_b,0,Song about love,1,2026-02-25T08:48:55Z
d049758cc71087af890c30dbb490698e,Darlin' Darlin' Baby (Sweet; Tender; Love),The O'Jays,1977,4,72,https://genius.com/The-ojays-darlin-darlin-baby-sweet-tender-love-lyrics,coder_a,0,love song,1,2026-02-22T16:56:21Z
d04e12d5fef9e08fb7264003dc5629db,Falls On Me,Fuel,2004,14,52,https://genius.com/Fuel-falls-on-me-lyrics,coder_a,0,love song,1,2026-02-23T18:43:23Z
d04e12d5fef9e08fb7264003dc5629db,Falls On Me,Fuel,2004,14,52,https://genius.com/Fuel-falls-on-me-lyrics,coder_b,0,Song about love,1,2026-02-25T09:09:50Z
d07799fffb7e2f0599f2cbfa277818d1,Love Cries,Stage Dolls,1989,13,46,https://genius.com/Stage-dolls-love-cries-lyrics,coder_b,0,Song about love,1,2026-02-18T23:01:42Z
d07799fffb7e2f0599f2cbfa277818d1,Love Cries,Stage Dolls,1989,13,46,https://genius.com/Stage-dolls-love-cries-lyrics,coder_a,0,love song,1,2026-02-16T18:24:40Z
d113f4d11a547712ba24486e0032f914,M.T.A.,The Kingston Trio,1959,11,15,https://genius.com/The-kingston-trio-mta-lyrics,coder_b,1,"Today a new crisis has arisen
The Metropolitan Transit Authority, better known as the MTA
Is attempting to levy a burdensome tax on the population
In the form of a subway fare increase
Citizens, hear me out, this could happen to you!",1,2026-02-17T22:32:50Z
d113f4d11a547712ba24486e0032f914,M.T.A.,The Kingston Trio,1959,11,15,https://genius.com/The-kingston-trio-mta-lyrics,coder_a,1,"Today a new crisis has arisen
The Metropolitan Transit Authority, better known as the MTA
Is attempting to levy a burdensome tax on the population
In the form of a subway fare increase
Citizens, hear me out, this could happen to you!",1,2026-02-15T17:50:23Z
d1a0ae4839d2470be29884eadf3bda0e,Burn The House Down,AJR,2018,1,100,https://genius.com/Ajr-burn-the-house-down-lyrics,coder_b,1,"Should I keep it light?
Stay out of the fight?
No one’s gonna listen to me
If I write a song
Preaching what is wrong
Will they let me sing on TV?
Should I keep it light?
Is that right?",1,2026-02-24T12:49:50Z
d1a0ae4839d2470be29884eadf3bda0e,Burn The House Down,AJR,2018,1,100,https://genius.com/Ajr-burn-the-house-down-lyrics,coder_a,1,"Watch it on the news
Whatcha gonna do?
I could hit refresh and forget
Used to keep it cool

[Verse 2: Jack]
Should I keep it light?
Stay out of the fight?
No one’s gonna listen to me
If I write a song
Preaching what is wrong
Will they let me sing on TV?
Should I keep it light?
Is that right?",1,2026-02-21T13:12:03Z
d1d6bc4691dc85dba953f2c959bf75e3,Love Is Free,Sheryl Crow,2008,6,77,https://genius.com/Sheryl-crow-love-is-free-lyrics,coder_b,1,"It ain't no big thing if you lose your faith
They kinda like to keep you in your place
You never know what might be comin' your way",0.6,2026-02-24T23:04:38Z
d1d6bc4691dc85dba953f2c959bf75e3,Love Is Free,Sheryl Crow,2008,6,77,https://genius.com/Sheryl-crow-love-is-free-lyrics,coder_a,1,"Everybody come together (Love is free)

[Chorus]
Oh, everybody
Devil take your money
But money's got no hold on me
Oh, oh, everybody's makin' love
'Cause love is free",0.7,2026-02-21T14:34:14Z
d216cf045ca63ea228d0c0c0e1ba89ae,This Is America,Childish Gambino,2018,17,1,https://genius.com/Childish-gambino-this-is-america-lyrics,coder_b,1,"This is America (Skrrt, skrrt, woo)
Don't catch you slippin' now (Ayy)
Look how I'm livin' now
Police be trippin' now (Woo)
Yeah, this is America (Woo, ayy)
Guns in my area",0.8,2026-02-16T23:38:48Z
d216cf045ca63ea228d0c0c0e1ba89ae,This Is America,Childish Gambino,2018,17,1,https://genius.com/Childish-gambino-this-is-america-lyrics,coder_a,1,"Look how I'm livin' now
Police be trippin' now (Woo)
Yeah, this is America (Woo, ayy)
Guns in my area (Word, my area)",1,2026-02-15T17:32:10Z
d35d30c1eef9406846de5f76d0d8b960,Fall For Your Type,Jamie Foxx Featuring Drake,2011,18,50,https://genius.com/Jamie-foxx-fall-for-your-type-lyrics,coder_b,0,Song is about falling for a girl,1,2026-02-18T00:02:07Z
d35d30c1eef9406846de5f76d0d8b960,Fall For Your Type,Jamie Foxx Featuring Drake,2011,18,50,https://genius.com/Jamie-foxx-fall-for-your-type-lyrics,coder_a,0,love song,1,2026-02-16T18:22:38Z
d5817d4b55dd1e9de6c1d3d0fedd1278,Confessions Of A Dangerous Mind,Logic,2019,1,78,https://genius.com/Logic-confessions-of-a-dangerous-mind-lyrics,coder_b,1,"Fuck social media
Tellin' me who I should be and just how I should rap
They always compare, they always compare me to others
And try to hit me up against all my brothers
Now, why you think so many rappers be overdosin' at the crib?",0.7,2026-02-24T22:53:39Z
d5817d4b55dd1e9de6c1d3d0fedd1278,Confessions Of A Dangerous Mind,Logic,2019,1,78,https://genius.com/Logic-confessions-of-a-dangerous-mind-lyrics,coder_a,0,"Song about fame, rap culture and self doubt",0.4,2026-02-21T14:17:48Z
d5968aebfa74fde6e915b1cd92057e98,Take Time To Know Her,Percy Sledge,1968,14,11,https://genius.com/Percy-sledge-take-time-to-know-her-lyrics,coder_a,0,Love song,1,2026-02-15T17:02:11Z
d5968aebfa74fde6e915b1cd92057e98,Take Time To Know Her,Percy Sledge,1968,14,11,https://genius.com/Percy-sledge-take-time-to-know-her-lyrics,coder_b,0,Song is about a relationship and not rushing things.,1,2026-02-16T22:24:40Z
d66a8c0985a55fda062724e348c3ecd2,Something In The Air,Thunderclap Newman,1969,10,37,https://genius.com/Thunderclap-newman-something-in-the-air-lyrics,coder_a,1,"Hand out the arms and ammo
We're gonna blast our way through here
We got to get together sooner or later
Because the revolution's here",1,2026-02-22T16:03:56Z
d66a8c0985a55fda062724e348c3ecd2,Something In The Air,Thunderclap Newman,1969,10,37,https://genius.com/Thunderclap-newman-something-in-the-air-lyrics,coder_b,1,"Call out the instigators
Because there's something in the air
We got to get together sooner or later
Because the revolution's here
And you know it's right
And you know that it's right",1,2026-02-25T00:46:27Z
d70f6e40e01a59ac3125636ffe5d030f,One,Creed,1999,20,70,https://genius.com/Creed-one-lyrics,coder_b,1,"Affirmative may be justified
Take from one, give to another
The goal is to be unified
Take my hand, be my brother
The payment silenced the masses
Sanctified by oppression
Unity took a back seat
Sliding further into regression",1,2026-02-25T11:09:32Z
d70f6e40e01a59ac3125636ffe5d030f,One,Creed,1999,20,70,https://genius.com/Creed-one-lyrics,coder_a,1,"feel angry, I feel helpless
Want to change the world, yeah
I feel violent, I feel alone
Don't try and change my mind, no

[Verse 2]
Society, blind by color
Why hold down one to raise another?
Discrimination, now on both sides
Seeds of hate blossom further
The world is headed for mutiny
When all we want is unity",1,2026-02-26T18:51:01Z
d737ca36058080914d94295c321c0f7b,Yours If You Want It,Rascal Flatts,2017,10,71,https://genius.com/Rascal-flatts-yours-if-you-want-it-lyrics,coder_a,0,love song,1,2026-02-21T14:15:12Z
d737ca36058080914d94295c321c0f7b,Yours If You Want It,Rascal Flatts,2017,10,71,https://genius.com/Rascal-flatts-yours-if-you-want-it-lyrics,coder_b,0,Song about a relationship,1,2026-02-24T22:52:27Z
d7c9010debf2dd30fbdbb1e17040dc5c,The Bigger Picture,Lil Baby,2020,20,3,https://genius.com/Lil-baby-the-bigger-picture-lyrics,coder_b,1,"Protests and growing national outcry continues over the death of George Floyd (Section 8 just straight cooked this motherfucker up)
Last night, people protesting in Minneapolis escalated
As demonstrators were lashed by tear gas and rubber bullets
The main message here, the main message here, the main message here
Is that they want to see those officers involved
They want to see those officers arrested
Officers arrested
(I can't breathe, I can't breathe)",1,2026-02-25T12:06:03Z
d7c9010debf2dd30fbdbb1e17040dc5c,The Bigger Picture,Lil Baby,2020,20,3,https://genius.com/Lil-baby-the-bigger-picture-lyrics,coder_a,1,"Protests and growing national outcry continues over the death of George Floyd (Section 8 just straight cooked this motherfucker up)
Last night, people protesting in Minneapolis escalated
As demonstrators were lashed by tear gas and rubber bullets
The main message here, the main message here, the main message here
Is that they want to see those officers involved
They want to see those officers arrested
Officers arrested
(I can't breathe, I can't breathe)",1,2026-03-02T17:56:37Z
d83d0e42783efc689d4bd6d95e3e5bbd,Whenever You Come Around,Vince Gill,1994,10,72,https://genius.com/Vince-gill-whenever-you-come-around-lyrics,coder_a,0,love song,1,2026-02-21T14:58:33Z
d83d0e42783efc689d4bd6d95e3e5bbd,Whenever You Come Around,Vince Gill,1994,10,72,https://genius.com/Vince-gill-whenever-you-come-around-lyrics,coder_b,0,Song about a relationship,1,2026-02-24T23:24:07Z
d8546b73aec69b25d2d784f0830e7b83,Eve Of Destruction,Barry McGuire,1965,11,1,https://genius.com/Barry-mcguire-eve-of-destruction-lyrics,coder_b,1,"The Eastern world, it is explodin'
Violence flarin', bullets loadin'
You're old enough to kill, but not for votin'
You don't believe in war, but what's that gun you're totin'?
And even the Jordan River has bodies floatin'",1,2026-02-25T09:13:45Z
d8546b73aec69b25d2d784f0830e7b83,Eve Of Destruction,Barry McGuire,1965,11,1,https://genius.com/Barry-mcguire-eve-of-destruction-lyrics,coder_a,1,About the Vietnam war/Cold war,1,2026-02-23T18:50:30Z
d8e4258e4037622054fdf64dc83d4b71,Take A Look Around,The Temptations,1972,8,30,https://genius.com/The-temptations-take-a-look-around-lyrics,coder_a,1,"Ain't no time to stand back and point your finger
We've got to face reality (Reality)
No, no, no, no
Don't turn your back on this problem, people
Too much depends on you and me",0.9,2026-02-15T17:58:05Z
d8e4258e4037622054fdf64dc83d4b71,Take A Look Around,The Temptations,1972,8,30,https://genius.com/The-temptations-take-a-look-around-lyrics,coder_b,1,"Ain't no time to stand back and point your finger
We've got to face reality (Reality)
No, no, no, no
Don't turn your back on this problem, people
Too much depends on you and me

Because of you, the streets ain't safe no more for walking",0.8,2026-02-17T22:52:03Z
d973342fc3f9c977009a532fdf2ba0f3,Blue Water Line,The Brothers Four,1962,8,68,https://genius.com/The-brothers-four-blue-water-line-lyrics,coder_b,1,"The City Council met last night, the vote was four to three
To tear the home town depot down and build a factory
To take that stretch of history and tear it off the map
And to take old engine number nine and turn it into scrap",1,2026-02-25T12:03:31Z
d973342fc3f9c977009a532fdf2ba0f3,Blue Water Line,The Brothers Four,1962,8,68,https://genius.com/The-brothers-four-blue-water-line-lyrics,coder_a,1,"The City Council met last night, the vote was four to three
To tear the home town depot down and build a factory
To take that stretch of history and tear it off the map
And to take old engine number nine and turn it into scrap",1,2026-03-02T17:52:33Z
d9ac41ddb7d8d94ad8659ba51770c074,Layin' It On The Line,Jefferson Starship,1984,6,66,https://genius.com/Jefferson-starship-layin-it-on-the-line-lyrics,coder_a,1,"I can see it in the faces
We got trouble in the streets tonight
And power keeps us in our places
And it doesn't matter if you're left or right
You lay it on the line",1,2026-02-22T16:55:32Z
d9ac41ddb7d8d94ad8659ba51770c074,Layin' It On The Line,Jefferson Starship,1984,6,66,https://genius.com/Jefferson-starship-layin-it-on-the-line-lyrics,coder_b,1,"I can see it in the faces
We got trouble in the streets tonight
And power keeps us in our places
And it doesn't matter if you're left or right
You lay it on the line",1,2026-02-25T08:48:34Z
d9ba04f05812b93c9d5243f40e38cdd0,The Family Of Man,Three Dog Night,1972,9,12,https://genius.com/Three-dog-night-the-family-of-man-lyrics,coder_b,1,"Prices are rising, the devil's to pay
Moving the mountain that got in the way
Prayer books and meetings to find a plan
Deciding the fate of the family of man
Factories built where the rivers ran
Time's running out for the family of man",1,2026-02-25T00:00:43Z
d9ba04f05812b93c9d5243f40e38cdd0,The Family Of Man,Three Dog Night,1972,9,12,https://genius.com/Three-dog-night-the-family-of-man-lyrics,coder_a,1,"Prices are rising, the devil's to pay
Moving the mountain that got in the way
Prayer books and meetings to find a plan
Deciding the fate of the family of man",1,2026-02-22T15:08:01Z
dadedac8678b967ed128ac4bab05d799,For Ladies Only,Steppenwolf,1971,7,64,https://genius.com/Steppenwolf-for-ladies-only-lyrics,coder_b,1,"Maybe political - elements of feminist dialogue but unsure? For ladies only
Tired of talkin' 'till somebody hears
For ladies only
Half the world has been built upon their tears
They've got a right to say it wrong if freedom's to survive
Now if you don't believe your own reflection
I'll give you my donation to help the cause along
I'll make my contribution 'till the fight has been won",0.7,2026-02-24T08:31:53Z
dadedac8678b967ed128ac4bab05d799,For Ladies Only,Steppenwolf,1971,7,64,https://genius.com/Steppenwolf-for-ladies-only-lyrics,coder_a,1,"About feminism?: If you've been contemplatin' just what you're doin' wrong
Then you will be a witness to the rumble goin' on
You fight it hard to tell apart the truth from the jive
They've got a right to say it wrong if freedom's to survive
Now if you don't believe your own reflection
Just take a look at all your smooth talkin' friends
I'm sure you'll make the right connection

For ladies only
Too much waiting for too many years
For ladies only
Half the world has been built upon their tears

I'll give you my donation to help the cause along
I'll make my contribution 'till the fight has been won",0.6,2026-02-21T12:30:06Z
db0fcc173402e49aaae834c2990b14b7,Broken Promises,Summer Walker,2021,1,76,https://genius.com/Summer-walker-broken-promises-lyrics,coder_a,0,about heartbreak,1,2026-03-02T17:57:55Z
db0fcc173402e49aaae834c2990b14b7,Broken Promises,Summer Walker,2021,1,76,https://genius.com/Summer-walker-broken-promises-lyrics,coder_b,0,A song about heartbreak,1,2026-02-25T12:07:28Z
db375da846adc1ab66c7ea4281648877,99 Luftballons,Nena,1984,23,2,https://genius.com/Nena-99-luftballons-lyrics,coder_b,1,"Song in German. After translating, song about war and power.",1,2026-02-24T23:42:28Z
db375da846adc1ab66c7ea4281648877,99 Luftballons,Nena,1984,23,2,https://genius.com/Nena-99-luftballons-lyrics,coder_a,1,About nuclear annihilation,1,2026-02-22T14:45:02Z
db69ed776464f7669b06be1372de44a5,Requiem For The Masses,The Association,1967,2,100,https://genius.com/The-association-requiem-for-the-masses-lyrics,coder_b,1,"Black and white were the figures that recorded him
Black and white was the newsprint he was mentioned in
Black and white was the question that so bothered him
He never asked, he was taught not to ask
But was on his lips as they buried him",0.8,2026-02-17T22:33:48Z
db69ed776464f7669b06be1372de44a5,Requiem For The Masses,The Association,1967,2,100,https://genius.com/The-association-requiem-for-the-masses-lyrics,coder_a,1,"About war: Red was the color of his blood flowing thin
Pallid white was the color of his lifeless skin
Blue was the color of the morning sky
He saw looking up from the ground where he died
It was the last thing ever seen by him",1,2026-02-15T17:51:11Z
db6bb4c07b7147db8cc45864b57d39a8,Hymn 43,Jethro Tull,1971,2,91,https://genius.com/Jethro-tull-hymn-43-lyrics,coder_b,1,"Religion can be viewed as political, also talks about racial differences in the states.",0.4,2026-02-14T22:56:34Z
db6bb4c07b7147db8cc45864b57d39a8,Hymn 43,Jethro Tull,1971,2,91,https://genius.com/Jethro-tull-hymn-43-lyrics,coder_a,1,"Commentary on religion and race: ""And the unsung Western hero
He killed an Indian or three, hey, hey, hey
And then he made his name in Hollywood, oh
To set the white man free
Oh, Jesus save me""",1,2026-02-15T16:32:11Z
dbcba8a7598c130b63883c76952b5a3e,After Midnight,Eric Clapton,1970,12,18,https://genius.com/Eric-clapton-after-midnight-lyrics,coder_a,0,about sex,1,2026-02-21T14:10:36Z
dbcba8a7598c130b63883c76952b5a3e,After Midnight,Eric Clapton,1970,12,18,https://genius.com/Eric-clapton-after-midnight-lyrics,coder_b,0,Song about dancing at night,1,2026-02-24T22:51:35Z
dc2a52d3302f633285cb0583ddf980ec,Snowflakes,Tom MacDonald,2021,1,71,https://genius.com/Tom-macdonald-snowflakes-re-transcribed-lyrics,coder_b,1,"If you lie to the government they'll put you in prison
But when they lie to all of us it's called being a politician",1,2026-02-24T23:48:40Z
dc2a52d3302f633285cb0583ddf980ec,Snowflakes,Tom MacDonald,2021,1,71,https://genius.com/Tom-macdonald-snowflakes-re-transcribed-lyrics,coder_a,1,"If you lie to the government they'll put you in prison
But when they lie to all of us it's called being a politician",1,2026-02-22T14:51:22Z
dcd8bae08c90edbcc4ab0e5859a3a972,You Can't Hurry Love,Phil Collins,1983,21,10,https://genius.com/Phil-collins-you-cant-hurry-love-lyrics,coder_a,0,love song,1,2026-02-23T18:25:04Z
dcd8bae08c90edbcc4ab0e5859a3a972,You Can't Hurry Love,Phil Collins,1983,21,10,https://genius.com/Phil-collins-you-cant-hurry-love-lyrics,coder_b,0,Song about love and heartbreak.,1,2026-02-25T09:04:35Z
dcf652b26b40faf5c332ff3cd215c58a,Few And Far Between,10|000 Maniacs,1993,1,95,https://genius.com/10000-maniacs-few-and-far-between-lyrics,coder_a,1,"'Till you make your peace with yesterday
You'll never build a future, I swear by what I say
Whatever penance you do
Decide what it's worth to you
And then respect it
However long it will take
To weather your mistakes
Why not accept it?",0.6,2026-02-22T15:27:33Z
dcf652b26b40faf5c332ff3cd215c58a,Few And Far Between,10|000 Maniacs,1993,1,95,https://genius.com/10000-maniacs-few-and-far-between-lyrics,coder_b,0,Song about a relationship,1,2026-02-25T00:11:18Z
dd413c2ecf2d9fc4fd6a8d9d8789a75d,Honky Tonk - Part 1,The James Brown Soul Train,1972,8,44,https://genius.com/The-james-brown-soul-train-honky-tonk-part-1-lyrics,coder_a,0,About dancing and partying,1,2026-02-22T14:55:53Z
dd413c2ecf2d9fc4fd6a8d9d8789a75d,Honky Tonk - Part 1,The James Brown Soul Train,1972,8,44,https://genius.com/The-james-brown-soul-train-honky-tonk-part-1-lyrics,coder_b,0,Song lyrics don't have enough content to decide but seems to be not political,0.8,2026-02-24T23:50:42Z
dd4f24e35866ebf41870d40c2287b61d,Days Gone Down (Still Got The Light In Your Eyes),Gerry Rafferty,1979,10,17,https://genius.com/Gerry-rafferty-days-gone-down-lyrics,coder_b,0,Song about friendship,1,2026-02-24T22:46:38Z
dd4f24e35866ebf41870d40c2287b61d,Days Gone Down (Still Got The Light In Your Eyes),Gerry Rafferty,1979,10,17,https://genius.com/Gerry-rafferty-days-gone-down-lyrics,coder_a,0,love song,1,2026-02-21T13:56:46Z
dda0c78958640c56689d5ba741bbc0eb,Killer,Seal,1992,2,100,https://genius.com/Seal-killer-lyrics,coder_a,1,"Racism in among future kings can only lead to no good
Besides
All our sons and daughters already know how that feels
Yeah, yeah, yeah
Love, love, love",1,2026-02-23T18:46:29Z
dda0c78958640c56689d5ba741bbc0eb,Killer,Seal,1992,2,100,https://genius.com/Seal-killer-lyrics,coder_b,1,"Racism in among future kings can only lead to no good
Besides
All our sons and daughters already know how that feels
Yeah, yeah, yeah",1,2026-02-25T09:11:36Z
ddd41426b31ec09abb279513b045e5c1,Alvin For President,David Seville And The Chipmunks,1960,2,95,https://genius.com/Alvin-and-the-chipmunks-alvin-for-president-lyrics,coder_b,1,Song about campaiging for US president.,1,2026-02-25T00:51:22Z
ddd41426b31ec09abb279513b045e5c1,Alvin For President,David Seville And The Chipmunks,1960,2,95,https://genius.com/Alvin-and-the-chipmunks-alvin-for-president-lyrics,coder_a,1,"He's nice
He's good
Send Alvin
Yes you should
To Washington D.C!

And in conclusion, dear friends

Alvin, will you

I am certain you will elect me the next President of the United States of
America!",1,2026-02-22T16:17:13Z
de6511af30f8d85577d236b09b42eba1,El Condor Pasa (If I Could),Simon & Garfunkel,1970,11,18,https://genius.com/Simon-and-garfunkel-el-condor-pasa-live-lyrics,coder_b,0,A song about wanting to be different things and wanting change,1,2026-02-25T12:09:06Z
de6511af30f8d85577d236b09b42eba1,El Condor Pasa (If I Could),Simon & Garfunkel,1970,11,18,https://genius.com/Simon-and-garfunkel-el-condor-pasa-live-lyrics,coder_a,0,about leaving behind normalcy,0.4,2026-03-02T18:02:04Z
de8a3bf047aead96fd88a1788947baa3,In The Ghetto,Elvis Presley,1969,13,3,https://genius.com/Elvis-presley-in-the-ghetto-lyrics,coder_b,1,Song is about class and ignoring those who live in ghettos.,1,2026-02-16T22:40:40Z
de8a3bf047aead96fd88a1788947baa3,In The Ghetto,Elvis Presley,1969,13,3,https://genius.com/Elvis-presley-in-the-ghetto-lyrics,coder_a,1,About the tough living conditions for African Americans due to systemic racism.,1,2026-02-15T17:19:27Z
deb203135fdad122bf9d53f905d8e5d2,Trying To Find Atlantis,Jamie O'Neal,2005,4,86,https://genius.com/Jamie-oneal-trying-to-find-atlantis-lyrics,coder_a,0,love song,1,2026-02-22T16:33:16Z
deb203135fdad122bf9d53f905d8e5d2,Trying To Find Atlantis,Jamie O'Neal,2005,4,86,https://genius.com/Jamie-oneal-trying-to-find-atlantis-lyrics,coder_b,0,Song about trying to find a perfect man,1,2026-02-25T08:32:53Z
dedbf4607ba66f957bbf1b23810e56dd,Safe In My Garden,The Mamas & The Papas,1968,6,53,https://genius.com/The-mamas-and-the-papas-safe-in-my-garden-lyrics,coder_a,1,"Cops out with the megaphones
Telling people stay inside their home
Man, can't they see the world's on fire?

Somebody take us away...take us away...",1,2026-02-26T17:48:53Z
dedbf4607ba66f957bbf1b23810e56dd,Safe In My Garden,The Mamas & The Papas,1968,6,53,https://genius.com/The-mamas-and-the-papas-safe-in-my-garden-lyrics,coder_b,1,"When you go out in the street
So many hassles with the heat;
No one there can fill your desire
Cops out with the megaphones
Telling people stay inside their home
Man, can't they see the world's on fire?",1,2026-02-25T10:54:23Z
df4a4e61add9d0e15df1a454219ff9d6,One Day,Matisyahu,2010,6,85,https://genius.com/Matisyahu-one-day-lyrics,coder_b,1,"For the people to say
That we don't wanna fight no more, there'll be no more wars
And our children will play
One day (One day), one day (One day), one day (Oh-oh-ohh)",1,2026-02-25T11:51:03Z
df4a4e61add9d0e15df1a454219ff9d6,One Day,Matisyahu,2010,6,85,https://genius.com/Matisyahu-one-day-lyrics,coder_a,1,"One day this all will change, treat people the same
Stop with the violence, down with the hate
One day we'll all be free, and proud to be
Under the same sun, singing songs of freedom like:",1,2026-03-02T17:43:56Z
dfc435c19aca948a6c71a888c7925b62,I Didn't Mean To Stay All Night,Starship,1989,8,75,https://genius.com/Starship-i-didnt-mean-to-stay-all-night-lyrics,coder_a,0,love song,1,2026-02-22T16:29:49Z
dfc435c19aca948a6c71a888c7925b62,I Didn't Mean To Stay All Night,Starship,1989,8,75,https://genius.com/Starship-i-didnt-mean-to-stay-all-night-lyrics,coder_b,0,Song about love,1,2026-02-25T08:29:59Z
dfd8c31fcf190c44b47fb0c43ea62d3e,One In A Million,Trixter,1991,8,75,https://genius.com/Trixter-one-in-a-million-lyrics,coder_a,0,love song,1,2026-02-22T15:09:32Z
dfd8c31fcf190c44b47fb0c43ea62d3e,One In A Million,Trixter,1991,8,75,https://genius.com/Trixter-one-in-a-million-lyrics,coder_b,0,Song about love and walking a lonely road.,1,2026-02-25T00:01:31Z
e00573b02ae3b94ba92bbb7bca5c3db6,Gorgeous,Taylor Swift,2017,4,13,https://genius.com/Taylor-swift-gorgeous-lyrics,coder_b,0,Song about love.,1,2026-02-24T12:51:19Z
e00573b02ae3b94ba92bbb7bca5c3db6,Gorgeous,Taylor Swift,2017,4,13,https://genius.com/Taylor-swift-gorgeous-lyrics,coder_a,0,love song,1,2026-02-21T13:14:20Z
e0c9351b02b54e23f1d425db046d2ca6,Sugar Wraith,Post Malone,2018,1,57,https://genius.com/Post-malone-sugar-wraith-lyrics,coder_a,0,about drugs and rapper lifestyle,0.6,2026-02-23T19:07:40Z
e0c9351b02b54e23f1d425db046d2ca6,Sugar Wraith,Post Malone,2018,1,57,https://genius.com/Post-malone-sugar-wraith-lyrics,coder_b,0,Song about trying to make it in the world,0.9,2026-02-25T09:22:47Z
e17a8dad589c70c801f1700845b9f37a,You Ought To Be With Me,Al Green,1972,15,3,https://genius.com/Al-green-you-ought-to-be-with-me-lyrics,coder_b,0,Song about love,1,2026-02-25T08:36:19Z
e17a8dad589c70c801f1700845b9f37a,You Ought To Be With Me,Al Green,1972,15,3,https://genius.com/Al-green-you-ought-to-be-with-me-lyrics,coder_a,0,love song,1,2026-02-22T16:41:29Z
e349c4d8a7f3ff37cf343a0a78c55659,Is There Something On Your Mind,Jack Scott,1961,1,89,https://genius.com/Jack-scott-is-there-something-on-your-mind-lyrics,coder_a,0,love song,1,2026-03-02T17:50:23Z
e349c4d8a7f3ff37cf343a0a78c55659,Is There Something On Your Mind,Jack Scott,1961,1,89,https://genius.com/Jack-scott-is-there-something-on-your-mind-lyrics,coder_b,1,A song about love,1,2026-02-25T12:01:52Z
e397f36b7a9e93c1cc42b839d7bfda28,Hail To The Conquering Hero,James Darren,1962,1,97,https://genius.com/James-darren-hail-to-the-conquering-hero-lyrics,coder_a,0,"Some slight political imagery surrounding soldiers and war, but it seems to be about love",0.6,2026-02-21T12:08:03Z
e397f36b7a9e93c1cc42b839d7bfda28,Hail To The Conquering Hero,James Darren,1962,1,97,https://genius.com/James-darren-hail-to-the-conquering-hero-lyrics,coder_b,0,Song about trying to win back someone,1,2026-02-22T23:44:35Z
e424ee8b2b3141fd9b01d8ca1a926836,Hey Big Brother,Rare Earth,1972,10,19,https://genius.com/Rare-earth-hey-big-brother-lyrics,coder_a,1,"Hey big brother, as soon as you arrive
You better, get in touch with the people, big brother
Better get them on your side, big brother
And keep them satisfied",0.9,2026-02-15T17:26:23Z
e424ee8b2b3141fd9b01d8ca1a926836,Hey Big Brother,Rare Earth,1972,10,19,https://genius.com/Rare-earth-hey-big-brother-lyrics,coder_b,1,"Hey big brother, I know you're out there somewhere
If we don't get our thing together, big brother will be watching us",0.9,2026-02-16T23:30:41Z
e42627b3f2d9aacc24083b0788273b88,The Cowboy In Me,Tim McGraw,2002,20,33,https://genius.com/Tim-mcgraw-the-cowboy-in-me-lyrics,coder_a,0,country cowboy song,0.8,2026-02-22T14:37:14Z
e42627b3f2d9aacc24083b0788273b88,The Cowboy In Me,Tim McGraw,2002,20,33,https://genius.com/Tim-mcgraw-the-cowboy-in-me-lyrics,coder_b,0,Song about being a cowboy,1,2026-02-24T23:34:13Z
e5493d3e483d6903d863367039f6f901,No Time Like The Right Time,The Blues Project,1967,2,96,https://genius.com/The-blues-project-no-time-like-the-right-time-lyrics,coder_b,0,Song about love,1,2026-02-25T10:14:49Z
e5493d3e483d6903d863367039f6f901,No Time Like The Right Time,The Blues Project,1967,2,96,https://genius.com/The-blues-project-no-time-like-the-right-time-lyrics,coder_a,0,love song,1,2026-02-24T20:37:30Z
e5defa904737ee8c1f69ad2058a63497,Will You Love Me Tomorrow,The Shirelles,1961,19,1,https://genius.com/The-shirelles-will-you-still-love-me-tomorrow-lyrics,coder_a,0,love song,1,2026-02-24T20:30:34Z
e5defa904737ee8c1f69ad2058a63497,Will You Love Me Tomorrow,The Shirelles,1961,19,1,https://genius.com/The-shirelles-will-you-still-love-me-tomorrow-lyrics,coder_b,0,Song about love,1,2026-02-25T10:09:19Z
e638a73c11fef61b24b5172c95acaeae,Ain't Doing Too Bad (Part 1),Bobby Bland,1964,6,49,https://genius.com/Bobby-blue-bland-aint-doing-too-bad-part-1-lyrics,coder_b,0,Song about doing well in life,1,2026-02-24T13:46:31Z
e638a73c11fef61b24b5172c95acaeae,Ain't Doing Too Bad (Part 1),Bobby Bland,1964,6,49,https://genius.com/Bobby-blue-bland-aint-doing-too-bad-part-1-lyrics,coder_a,0,About being rich,1,2026-02-21T13:22:13Z
e7977cb0d93b28eb1087aa43c947aba3,Jennifer Tomkins,Street People,1970,15,36,https://genius.com/The-street-people-jennifer-tomkins-lyrics,coder_b,0,Song about growing up with a troubled life and wanting god to save you,1,2026-02-25T11:05:14Z
e7977cb0d93b28eb1087aa43c947aba3,Jennifer Tomkins,Street People,1970,15,36,https://genius.com/The-street-people-jennifer-tomkins-lyrics,coder_a,1,"Jennifer Tomkins
Was born on a Sunday
Her daddy got drunk
And left home on a Monday
Her mother, she died young
When Jenny was seven
And Jennifer Tomkins
Went to work at eleven
(Work at eleven)",0.7,2026-02-26T18:28:10Z
e8223a0f1365235cbf365d2f6344afa9,Misty Blue,Joe Simon,1972,5,91,https://genius.com/Joe-simon-misty-blue-lyrics,coder_b,0,Song about love,1,2026-02-25T09:14:50Z
e8223a0f1365235cbf365d2f6344afa9,Misty Blue,Joe Simon,1972,5,91,https://genius.com/Joe-simon-misty-blue-lyrics,coder_a,0,love song,1,2026-02-23T18:51:40Z
e835559d362cc4f05053a7f82adc92a8,Should I See,Frozen Ghost,1987,10,69,https://genius.com/Frozen-ghost-should-i-see-lyrics,coder_b,1,Song is about taking away rights and beliefs from an individual. Also talks about taking away freedom of choice.,1,2026-02-14T23:28:57Z
e835559d362cc4f05053a7f82adc92a8,Should I See,Frozen Ghost,1987,10,69,https://genius.com/Frozen-ghost-should-i-see-lyrics,coder_a,1,"How can you censor my thought
What is right what is not
How is it you decide
What i should feel inside
Quoting god as you discuss
What is right and wrong for us
You inundate us with your views
You take away my right to choose",1,2026-02-15T16:51:43Z
e8542475db164d2de35d14169fd70e6f,O Let's Do It,Waka Flocka Flame,2010,11,62,https://genius.com/Waka-flocka-flame-o-lets-do-it-lyrics,coder_a,0,About dealing drugs,0.3,2026-02-24T20:46:33Z
e8542475db164d2de35d14169fd70e6f,O Let's Do It,Waka Flocka Flame,2010,11,62,https://genius.com/Waka-flocka-flame-o-lets-do-it-lyrics,coder_b,0,Song about drugs,1,2026-02-25T10:22:56Z
e85ac4e78cea55ce3759f55f8cd8259c,I'm In You,Peter Frampton,1977,20,2,https://genius.com/Peter-frampton-im-in-you-lyrics,coder_b,0,Song about love,1,2026-02-25T09:11:55Z
e85ac4e78cea55ce3759f55f8cd8259c,I'm In You,Peter Frampton,1977,20,2,https://genius.com/Peter-frampton-im-in-you-lyrics,coder_a,0,love song,1,2026-02-23T18:47:01Z
e9ce8e79097f10fd2fa4920ac176684b,Little Red Corvette,Prince,1983,24,6,https://genius.com/Prince-little-red-corvette-lyrics,coder_b,0,Song is about a relationship,1,2026-02-24T13:41:14Z
e9ce8e79097f10fd2fa4920ac176684b,Little Red Corvette,Prince,1983,24,6,https://genius.com/Prince-little-red-corvette-lyrics,coder_a,0,love song,1,2026-02-21T13:18:46Z
eace8f6acc86540227b2482bfbdb92c7,It's A Mistake,Men at Work,1983,15,6,https://genius.com/Men-at-work-its-a-mistake-lyrics,coder_a,1,"Jump down the shelters to get away
The boys are cockin' up their guns
Tell us general, is it party time?
If it is, can we all come?",0.8,2026-02-21T12:19:15Z
eace8f6acc86540227b2482bfbdb92c7,It's A Mistake,Men at Work,1983,15,6,https://genius.com/Men-at-work-its-a-mistake-lyrics,coder_b,1,"Jump down the shelters to get away
The boys are cockin' up their gunsTell us, commander, what do you think?
'Cos we know that you love all that power
Is it on then, are we on the brink?
We wish you'd all throw in the towel",1,2026-02-24T08:04:22Z
eae5b77ede20d7a2b7db0721990b7cc5,Never Tear Us Apart,INXS,1988,23,7,https://genius.com/Inxs-never-tear-us-apart-lyrics,coder_a,0,Great love song,1,2026-02-24T20:56:28Z
eae5b77ede20d7a2b7db0721990b7cc5,Never Tear Us Apart,INXS,1988,23,7,https://genius.com/Inxs-never-tear-us-apart-lyrics,coder_b,0,Song about love and relationships,1,2026-02-25T10:30:05Z
ebd457dc445748b9077a946dd2fbdf63,All I Ever Wanted,Chuck Wicks,2008,4,86,https://genius.com/Chuck-wicks-all-i-ever-wanted-lyrics,coder_b,0,Song about love and marriage,1,2026-02-25T10:56:52Z
ebd457dc445748b9077a946dd2fbdf63,All I Ever Wanted,Chuck Wicks,2008,4,86,https://genius.com/Chuck-wicks-all-i-ever-wanted-lyrics,coder_a,0,love song,1,2026-02-26T17:53:33Z
ebe633bc621e819e013019ff00d2a707,March Of The Pigs,Nine Inch Nails,1994,3,59,https://genius.com/Nine-inch-nails-march-of-the-pigs-lyrics,coder_b,1,"All the pigs are all lined up
I give you all that you want
Take the skin and peel it back
Now doesn't it make you feel better?

[Outro]
The pigs have won tonight
Now they can all sleep soundly
And everything is alright

Song about police",1,2026-02-22T23:46:54Z
ebe633bc621e819e013019ff00d2a707,March Of The Pigs,Nine Inch Nails,1994,3,59,https://genius.com/Nine-inch-nails-march-of-the-pigs-lyrics,coder_a,1,Metaphor of pigs as political actors,0.9,2026-02-21T12:09:59Z
ecde9b0dc672c097f7e70522251c6453,White Hot,Red Rider,1980,7,48,https://genius.com/Red-rider-white-hot-lyrics,coder_a,1,"Waiting by the shoreline
In Somalia for your reply
I need you to come see me
That's no lie

The guns are getting closer
The sweat pours like the dew
That fell from the trees in Tripoli
In the spring",1,2026-02-26T17:44:11Z
ecde9b0dc672c097f7e70522251c6453,White Hot,Red Rider,1980,7,48,https://genius.com/Red-rider-white-hot-lyrics,coder_b,1,"Waiting by the shoreline
In Somalia for your reply
I need you to come see me
That's no lie

The guns are getting closer
The sweat pours like the dew
That fell from the trees in Tripoli
In the spring",1,2026-02-25T10:52:02Z
ee0d96015c2700f061e5943b7d4ed53a,Run Away,Real McCoy,1995,20,3,https://genius.com/Real-mccoy-run-away-club-attack-mix-lyrics,coder_b,1,"Money, sex in full control, look, big brother is watching you
Life in the perfect system
Take a stand and fight for freedom
Keep the faith, you gotta keep the faith
You'd better keep the faith and run away",1,2026-02-25T10:13:36Z
ee0d96015c2700f061e5943b7d4ed53a,Run Away,Real McCoy,1995,20,3,https://genius.com/Real-mccoy-run-away-club-attack-mix-lyrics,coder_a,1,"Money, sex in full control, look, big brother is watching you
Unlock your brain and save your soul
No more limits, no more curfew
Life in the perfect system
Take a stand and fight for freedom
Keep the faith, you gotta keep the faith
You'd better keep the faith and run away",1,2026-02-24T20:36:23Z
ee6ff3a0619c939efcde61efaed59f66,Supermodel (You Better Work),RuPaul,1993,20,45,https://genius.com/Rupaul-supermodel-you-better-work-lyrics,coder_b,1,"Once upon a time, there was a little Black girl
In the Brewster Projects of Detroit, Michigan",0.5,2026-02-22T23:38:57Z
ee6ff3a0619c939efcde61efaed59f66,Supermodel (You Better Work),RuPaul,1993,20,45,https://genius.com/Rupaul-supermodel-you-better-work-lyrics,coder_a,1,"Once upon a time, there was a little Black girl
In the Brewster Projects of Detroit, Michigan
At fifteen, she was spotted by an Ebony Fashion Fair talent scout
And her modeling career took off
You better work",0.6,2026-02-16T18:31:29Z
ee735caef1a4bf3f50576f64e01674ec,Let's Work,Mick Jagger,1987,9,39,https://genius.com/Mick-jagger-lets-work-lyrics,coder_b,1,"Let's work, be proud
Stand tall, touch the clouds
Man and woman, be free
Let's work, kill poverty",0.8,2026-02-17T21:55:55Z
ee735caef1a4bf3f50576f64e01674ec,Let's Work,Mick Jagger,1987,9,39,https://genius.com/Mick-jagger-lets-work-lyrics,coder_a,1,"About poverty, wellfare, and working: No sitting down on your butt
The world don't owe you
No sitting down in a rut
I wanna show you
Don't waste your energy
On making enemies
Just take a deep breath
And work your way up",1,2026-02-15T17:40:34Z
ef36626bf8923e327f28c729ea860788,If I Were Your Woman,Gladys Knight And The Pips,1971,15,9,https://genius.com/Gladys-knight-and-the-pips-if-i-were-your-woman-lyrics,coder_a,0,love song,1,2026-02-24T20:59:01Z
ef36626bf8923e327f28c729ea860788,If I Were Your Woman,Gladys Knight And The Pips,1971,15,9,https://genius.com/Gladys-knight-and-the-pips-if-i-were-your-woman-lyrics,coder_b,0,Song about wanting a man and loving them,1,2026-02-25T10:32:09Z
efac06208890c7b6daa6d7d4fd49236a,Woman From Tokyo,Deep Purple,1973,6,60,https://genius.com/Deep-purple-woman-from-tokyo-lyrics,coder_b,0,Song about a women from tokyo,1,2026-02-24T20:33:24Z
efac06208890c7b6daa6d7d4fd49236a,Woman From Tokyo,Deep Purple,1973,6,60,https://genius.com/Deep-purple-woman-from-tokyo-lyrics,coder_a,0,love song,1,2026-02-21T13:44:42Z
efb4629db89a2b5901795b68ff5a646d,Future Shock,Curtis Mayfield,1973,10,39,https://genius.com/Curtis-mayfield-future-shock-lyrics,coder_a,1,"Hey, little sister, where's your brother?
See your mother standing on the soup line
(Huh, huh, huh)
God blees the father
Ain't got the strength to be bothered
The almighty world, hear me now
Was bound to weigh him down

We've got to stop all men
From messing up the land
When won't we understand?
This is our last and only chance",1,2026-02-21T12:18:03Z
efb4629db89a2b5901795b68ff5a646d,Future Shock,Curtis Mayfield,1973,10,39,https://genius.com/Curtis-mayfield-future-shock-lyrics,coder_b,1,"We've got to stop all men
From messing up the land
When won't we understand?
This is our last and only chance",1,2026-02-23T00:04:07Z
eff0cf99240177b56963e54fd586ba33,Funny How Time Slips Away,Johnny Tillotson,1963,6,50,https://genius.com/Johnny-tillotson-funny-how-time-slips-away-lyrics,coder_b,0,Song about love,1,2026-02-25T10:31:24Z
eff0cf99240177b56963e54fd586ba33,Funny How Time Slips Away,Johnny Tillotson,1963,6,50,https://genius.com/Johnny-tillotson-funny-how-time-slips-away-lyrics,coder_a,0,love song,1,2026-02-24T20:57:54Z
f00072331a0b1b454c08981ba3e30f6a,Shape Of Things To Come,Max Frost And The Troopers,1968,12,22,https://genius.com/Max-frost-and-the-troopers-shape-of-things-to-come-lyrics,coder_b,1,"There are new dreams crowdin' out old realities
There's revolution sweepin' in like a fresh new breeze
Let the old world make believe, it's blind and deaf and dumb
But nothing can change the shape of things",1,2026-02-25T10:14:13Z
f00072331a0b1b454c08981ba3e30f6a,Shape Of Things To Come,Max Frost And The Troopers,1968,12,22,https://genius.com/Max-frost-and-the-troopers-shape-of-things-to-come-lyrics,coder_a,1,"There are new dreams crowdin' out old realities
There's revolution sweepin' in like a fresh new breeze
Let the old world make believe, it's blind and deaf and dumb
But nothing can change the shape of things
Nothing can change the shape of things",1,2026-02-24T20:36:59Z
f006dabf82de92843aca3a045cb51187,Crazy,Lil Baby,2023,1,83,https://genius.com/Lil-baby-crazy-lyrics,coder_a,0,Song about 'making it' and being wealthy,0.5,2026-02-15T17:38:28Z
f006dabf82de92843aca3a045cb51187,Crazy,Lil Baby,2023,1,83,https://genius.com/Lil-baby-crazy-lyrics,coder_b,0,Song is about haters and making money,0.9,2026-02-17T21:53:36Z
f059c96baab5296b5d620b76cf4af1ae,Love Again,The Kid LAROI,2023,12,40,https://genius.com/The-kid-laroi-love-again-lyrics,coder_a,0,love song,0.9,2026-02-21T14:32:45Z
f059c96baab5296b5d620b76cf4af1ae,Love Again,The Kid LAROI,2023,12,40,https://genius.com/The-kid-laroi-love-again-lyrics,coder_b,0,Song about love - potentially could be seen as about political but more about fighting in a relationship,0.8,2026-02-24T23:03:27Z
f06d9422703e897aebd169e3595cb864,A Change Is Gonna Come,Adam Lambert,2009,1,56,https://genius.com/Adam-lambert-a-change-is-gonna-come-american-idol-performance-lyrics,coder_a,1,"It's been a long
A long time coming
But I know, a change gonna come
Oh, yes it will

[Verse 4]
Then I go to my brother
And I say, brother, help me please
But he winds up, knockin' me
Back down on my knees",0.9,2026-02-15T17:31:26Z
f06d9422703e897aebd169e3595cb864,A Change Is Gonna Come,Adam Lambert,2009,1,56,https://genius.com/Adam-lambert-a-change-is-gonna-come-american-idol-performance-lyrics,coder_b,0,Song about change coming,1,2026-02-16T23:37:43Z
f08b86e9408da17be63d996569ce1a3e,Don't Cry,Seal,1996,20,33,https://genius.com/Seal-dont-cry-lyrics,coder_a,0,love song,1,2026-02-23T19:03:38Z
f08b86e9408da17be63d996569ce1a3e,Don't Cry,Seal,1996,20,33,https://genius.com/Seal-dont-cry-lyrics,coder_b,0,Song about love,1,2026-02-25T09:18:52Z
f0c4c4bbfd043f0f9d3de2d80a71b461,Questions,Bang,1972,6,90,https://genius.com/Bang-usa-questions-lyrics,coder_a,1,"ave you ever felt the night
Felt the wind around you
Have you read a book or two
Or have books been reading you

Do clothes affect your mental health
Are your boots reheeled
Could you lead a life of wealth
Delivered wrapped and sealed",0.7,2026-02-22T16:03:27Z
f0c4c4bbfd043f0f9d3de2d80a71b461,Questions,Bang,1972,6,90,https://genius.com/Bang-usa-questions-lyrics,coder_b,0,Song about questions everywhere,1,2026-02-25T00:46:11Z
f0e96581656ffbcfcb00c91075b18397,America,Prince And The Revolution,1985,7,46,https://genius.com/Prince-and-the-revolution-america-lyrics,coder_a,1,"Aristocrats on a mountain climb
Making money, losing time
Communism is just a word
But if the government turn over
It'll be the only word that's heard",1,2026-02-22T17:08:43Z
f0e96581656ffbcfcb00c91075b18397,America,Prince And The Revolution,1985,7,46,https://genius.com/Prince-and-the-revolution-america-lyrics,coder_b,1,"Aristocrats on a mountain climb
Making money, losing time
Communism is just a word
But if the government turn over
It'll be the only word that's heard",1,2026-02-25T08:54:12Z
f0fa77043f0a400ac4d364dabb2bae47,You Better Get It,Joe Tex,1965,7,46,https://genius.com/Joe-tex-you-better-get-it-lyrics,coder_b,0,Song is about dating women,1,2026-02-16T22:21:25Z
f0fa77043f0a400ac4d364dabb2bae47,You Better Get It,Joe Tex,1965,7,46,https://genius.com/Joe-tex-you-better-get-it-lyrics,coder_a,0,Love song.,0.9,2026-02-15T16:59:01Z
f1d48bd9c5d650cd2d5adca8ce770910,Where Have All The Flowers Gone,The Kingston Trio,1962,14,21,https://genius.com/The-kingston-trio-where-have-all-the-flowers-gone-lyrics,coder_a,1,"Where have all the soldiers gone?
Long time passing
Where have all the soldiers gone?
A long, long time ago
Where have all the soldiers gone?
Gone to graveyards, every one
When will they ever learn?
When will they ever learn?",1,2026-02-22T15:52:54Z
f1d48bd9c5d650cd2d5adca8ce770910,Where Have All The Flowers Gone,The Kingston Trio,1962,14,21,https://genius.com/The-kingston-trio-where-have-all-the-flowers-gone-lyrics,coder_b,1,"Where have all the soldiers gone?
Long time passing
Where have all the graveyards gone?
Long time passing",0.9,2026-02-25T00:29:30Z
f1d48c3d62982bc54ee5dc97030034ac,We're An American Band,Grand Funk,1973,17,1,https://genius.com/Grand-funk-railroad-were-an-american-band-lyrics,coder_a,0,"About being in a band and the rockstar lifestyle, but there are slight patriotic themes surrounding being an American",0.5,2026-02-22T14:54:47Z
f1d48c3d62982bc54ee5dc97030034ac,We're An American Band,Grand Funk,1973,17,1,https://genius.com/Grand-funk-railroad-were-an-american-band-lyrics,coder_b,0,Song about being in a band.,1,2026-02-24T23:49:58Z
f2ecea367afcbff9e77ceb88aedc9ab7,The Nickel Song,Melanie,1972,10,35,https://genius.com/Melanie-nickel-song-lyrics,coder_b,0,Song about gambling,1,2026-02-25T11:02:06Z
f2ecea367afcbff9e77ceb88aedc9ab7,The Nickel Song,Melanie,1972,10,35,https://genius.com/Melanie-nickel-song-lyrics,coder_a,1,"Well I don't know so many things
But I know what's been goin' on
We're only putting in a little
To get rid of a lot that's wrong
And if we had a nickel for each time that
We've been put on
We'd all be their nickel man
And we'd sing a nickel song
You know they're only putting in a nickel
And they win a dollar song
Oh, yeah, they're only putting in a little
To get rid of a lot that's wrong
Oh, they're only putting in a nickel
To win a dollar song",0.8,2026-02-26T18:08:55Z
f2f9b6193dd069e3096945206aaaf965,I Do'wanna Know,REO Speedwagon,1984,13,29,https://genius.com/Reo-speedwagon-i-do-wanna-know-lyrics,coder_b,0,A song about love,1,2026-02-25T11:48:31Z
f2f9b6193dd069e3096945206aaaf965,I Do'wanna Know,REO Speedwagon,1984,13,29,https://genius.com/Reo-speedwagon-i-do-wanna-know-lyrics,coder_a,0,love song,1,2026-03-02T17:38:38Z
f31d22528a1a8e6ecee446c67e50d361,Black Panther,Kendrick Lamar,2018,1,91,https://genius.com/Kendrick-lamar-black-panther-lyrics,coder_a,1,"What do you stand for?
Are you a activist? What are your city plans for?
Are you a accident? Are you just in the way?
Your native tongue contradictin' what your body language say
Are you a king or you jokin'? Are you a king or you posin'?",1,2026-02-23T18:44:31Z
f31d22528a1a8e6ecee446c67e50d361,Black Panther,Kendrick Lamar,2018,1,91,https://genius.com/Kendrick-lamar-black-panther-lyrics,coder_b,1,"Sisters and brothers in unison, not because of me
Because we don't glue with the opposition, we glue with peace
But still'd fuck up your organization if any beef
What do you stand for?
Are you a activist? What are your city plans for?
Are you a accident? Are you just in the way?
Your native tongue contradictin' what your body language say",1,2026-02-25T09:10:48Z
f387029e4c079b101f61cd88dd93a404,When She Says Baby,Jason Aldean,2014,20,38,https://genius.com/Jason-aldean-when-she-says-baby-lyrics,coder_b,0,Song is about love and relationships,1,2026-02-14T23:16:59Z
f387029e4c079b101f61cd88dd93a404,When She Says Baby,Jason Aldean,2014,20,38,https://genius.com/Jason-aldean-when-she-says-baby-lyrics,coder_a,0,"Slight political undertones about 'the working man,' but mostly a love song.",0.7,2026-02-15T16:43:31Z
f3bf78210f138c0f27d1355cc0f8497e,1984,Spirit,1970,9,69,https://genius.com/Spirit-1984-lyrics,coder_a,1,"Plexi-plastic eyeball, he's your special friend
He sees you every night
Well, he calls himself Big Brother but you know it's no game
You're never out of his sight

[Chorus]
Nineteen eighty-four knockin' on your door
Will you let it come? Will you let it run your life?

[Verse 3]
It's time you started thinking inside your head
That you should stand up and fight
Oh, just where will you be when your freedom is dead
Fourteen years from tonight?",1,2026-02-23T18:07:02Z
f3bf78210f138c0f27d1355cc0f8497e,1984,Spirit,1970,9,69,https://genius.com/Spirit-1984-lyrics,coder_b,1,"Plexi-plastic eyeball, he's your special friend
He sees you every night
Well, he calls himself Big Brother but you know it's no game
You're never out of his sight",0.8,2026-02-25T08:56:45Z
f42586c906d8fdb38e8d1720861cd2ad,Numb,Linkin Park,2004,33,11,https://genius.com/Linkin-park-numb-lyrics,coder_a,0,Song about self doubt,0.5,2026-02-21T13:16:20Z
f42586c906d8fdb38e8d1720861cd2ad,Numb,Linkin Park,2004,33,11,https://genius.com/Linkin-park-numb-lyrics,coder_b,0,Song is about growing numb emotionally and the lived human experience.,1,2026-02-24T13:39:47Z
f4a50e25f5b57eb5c46cb3dc4108db05,Currents,Drake,2022,1,23,https://genius.com/Drake-currents-lyrics,coder_b,0,A song about love and dancing,1,2026-02-25T12:07:52Z
f4a50e25f5b57eb5c46cb3dc4108db05,Currents,Drake,2022,1,23,https://genius.com/Drake-currents-lyrics,coder_a,0,love song,1,2026-03-02T17:59:23Z
f60f8664387ea84e366051c434c6c767,Fernando,ABBA,1976,16,13,https://genius.com/Abba-fernando-lyrics,coder_a,1,"About war?: They were closer now, Fernando
Every hour, every minute seemed to last eternally
I was so afraid, Fernando
We were young and full of life and none of us prepared to die
And I'm not ashamed to say the roar of guns and cannons almost made me cry",0.4,2026-02-15T17:53:38Z
f60f8664387ea84e366051c434c6c767,Fernando,ABBA,1976,16,13,https://genius.com/Abba-fernando-lyrics,coder_b,1,Song is about war.,1,2026-02-17T22:41:29Z
f863385d21a736e9e7224fb0e7a46c9a,Sleigh Ride,The Ronettes,2023,33,8,https://genius.com/The-ronettes-sleigh-ride-lyrics,coder_a,0,Christmas song.,1,2026-02-15T17:06:11Z
f863385d21a736e9e7224fb0e7a46c9a,Sleigh Ride,The Ronettes,2023,33,8,https://genius.com/The-ronettes-sleigh-ride-lyrics,coder_b,0,Is a christmas song,1,2026-02-16T22:31:49Z
f86a7bc4b2fcb4dd5db608cb0f97acfa,Katmandu,Bob Seger,1975,11,43,https://genius.com/Bob-seger-katmandu-lyrics,coder_b,0,Song about going to Katmandu.,0.8,2026-02-24T13:55:23Z
f86a7bc4b2fcb4dd5db608cb0f97acfa,Katmandu,Bob Seger,1975,11,43,https://genius.com/Bob-seger-katmandu-lyrics,coder_a,0,about moving to Katmandu,0.7,2026-02-21T13:35:21Z
f891cc072ea2442f5c6ce17526cee23e,Love In Store,Fleetwood Mac,1983,14,22,https://genius.com/Fleetwood-mac-love-in-store-lyrics,coder_b,0,A song about love,1,2026-02-25T12:06:39Z
f891cc072ea2442f5c6ce17526cee23e,Love In Store,Fleetwood Mac,1983,14,22,https://genius.com/Fleetwood-mac-love-in-store-lyrics,coder_a,0,love song,1,2026-03-02T17:57:07Z
f8b75e56e2013a0bdba64536a96dc7a9,Impossible,Shontelle,2010,20,13,https://genius.com/Shontelle-impossible-lyrics,coder_a,0,love song,0.9,2026-02-22T16:05:57Z
f8b75e56e2013a0bdba64536a96dc7a9,Impossible,Shontelle,2010,20,13,https://genius.com/Shontelle-impossible-lyrics,coder_b,0,Song about falling in love and heartbreak,1,2026-02-25T00:46:58Z
f8c4efd2f76c6a8d18cbc962137d0467,Jive Talkin',Bee Gees,1975,17,1,https://genius.com/Bee-gees-jive-talkin-lyrics,coder_a,0,about jive culture,0.7,2026-02-22T16:09:06Z
f8c4efd2f76c6a8d18cbc962137d0467,Jive Talkin',Bee Gees,1975,17,1,https://genius.com/Bee-gees-jive-talkin-lyrics,coder_b,0,Song about dancing (Jive),1,2026-02-25T00:48:25Z
f99656b045a7cf730f49ae0ef2372916,P.T. 109,Jimmy Dean,1962,11,8,https://genius.com/Jimmy-dean-pt-109-lyrics,coder_b,1,"In '43 they put to sea thirteen men and Kennedy
Aboard the PT 109 to fight the brazen enemy
And off the isle of Olasana in the straight beyond Naru
A Jap destroyer in the night cut the 109 in two
Smoke and fire upon the sea everywhere they looked was the enemy
The heathen gods of old Japan yeah they thought had the best of a mighty good",1,2026-02-25T11:47:54Z
f99656b045a7cf730f49ae0ef2372916,P.T. 109,Jimmy Dean,1962,11,8,https://genius.com/Jimmy-dean-pt-109-lyrics,coder_a,1,"In '43 they put to sea thirteen men and Kennedy
Aboard the PT 109 to fight the brazen enemy
And off the isle of Olasana in the straight beyond Naru
A Jap destroyer in the night cut the 109 in two
Smoke and fire upon the sea everywhere they looked was the enemy
The heathen gods of old Japan yeah they thought had the best of a mighty good man",1,2026-03-02T17:36:59Z
f9acf7e3a1f5c5141728b3cd0ebac0b2,Ronnies Rapp,Ron And The D.C. Crew,1987,4,93,https://genius.com/Ron-and-the-dc-crew-ronnies-rap-lyrics,coder_b,1,"Met with Gorbachev in '85
To talk about how everyone could stay alive
And though he seemed to be a guy with class
If he doesn't play ball, we'll nuke his... country!",1,2026-02-25T10:31:50Z
f9acf7e3a1f5c5141728b3cd0ebac0b2,Ronnies Rapp,Ron And The D.C. Crew,1987,4,93,https://genius.com/Ron-and-the-dc-crew-ronnies-rap-lyrics,coder_a,1,"Met with Gorbachev in '85
To talk about how everyone could stay alive
And though he seemed to be a guy with class
If he doesn't play ball, we'll nuke his... country!",1,2026-02-24T20:58:39Z
f9cb96bab7138af5395271af75cec36f,Volunteers,Jefferson Airplane,1969,10,65,https://genius.com/Jefferson-airplane-volunteers-lyrics,coder_b,1,Song is about volunteers and revolution within America.,1,2026-02-16T22:17:44Z
f9cb96bab7138af5395271af75cec36f,Volunteers,Jefferson Airplane,1969,10,65,https://genius.com/Jefferson-airplane-volunteers-lyrics,coder_a,1,About protest and revolution.,1,2026-02-15T16:56:51Z
fa79f17a97eff9cc96158b35fb502355,Voice Of America's Sons,John Cafferty & The Beaver Brown Band,1986,8,62,https://genius.com/John-cafferty-and-the-beaver-brown-band-voice-of-americas-sons-lyrics,coder_a,1,"Well, they built those factories with blood, sweat and steel
Coming down fast under the weight of the wheel
Hey, Little Johnny, there ain't no room for you
Tell me, Johnny, am I getting through?

[Chorus]
Turn the radio on
With every beat of the drum
Then go out in the streets
With the voice of America's sons
There ain't no one today
Tonight someone will play
Out in the streets
Hear the voice of America's sons",1,2026-02-22T14:34:57Z
fa79f17a97eff9cc96158b35fb502355,Voice Of America's Sons,John Cafferty & The Beaver Brown Band,1986,8,62,https://genius.com/John-cafferty-and-the-beaver-brown-band-voice-of-americas-sons-lyrics,coder_b,1,"Well, they built those factories with blood, sweat and steel
Coming down fast under the weight of the wheel
With the voice of America's sons
There ain't no one today
Tonight someone will play
Out in the streets
Hear the voice of America's sons",1,2026-02-24T23:33:43Z
fa7fef98b4a8faeddb3395fa51620de1,Uneasy Rider,Charlie Daniels,1973,12,9,https://genius.com/Charlie-daniels-uneasy-rider-lyrics,coder_a,0,"About a bar fight, though there is some commentary on southern America and right-wing views.",0.4,2026-02-15T18:01:09Z
fa7fef98b4a8faeddb3395fa51620de1,Uneasy Rider,Charlie Daniels,1973,12,9,https://genius.com/Charlie-daniels-uneasy-rider-lyrics,coder_b,1,"You may not know it but this man is a spy
He's a undercover agent for the FBI
And he's been sent down here to infiltrate the Ku Klux Klan!""

As tearing Wallace stickers off the bumpers of cars
And he voted for George McGovern for President""
""Well, he's a friend of them long haired hippy-type, pinko fags!
I bet you he's even got a commie flag",1,2026-02-17T22:58:08Z
fabc3bf9199ae605ea4d13ebe02b54ae,Wonderful World; Beautiful People,Jimmy Cliff,1970,11,25,https://genius.com/Jimmy-cliff-wonderful-world-beautiful-people-lyrics,coder_a,1,"Take a look at the world
And the state that it's in today
I am sure you'll agree
We all could make it a better way
With our love, put together
Everybody learn to love each other
Instead of fussing and fighting
Cheating, backbiting
Scandalizing and hating
Baby, we could have a",1,2026-02-23T18:52:06Z
fabc3bf9199ae605ea4d13ebe02b54ae,Wonderful World; Beautiful People,Jimmy Cliff,1970,11,25,https://genius.com/Jimmy-cliff-wonderful-world-beautiful-people-lyrics,coder_b,1,"Take a look at the world
And the state that it's in today
I am sure you'll agree
We all could make it a better way
With our love, put together
Everybody learn to love each other
Instead of fussing and fighting
Cheating, backbiting
Scandalizing and hating
Baby, we could have a",1,2026-02-25T09:15:07Z
fb92d7b0c508c36bb793758d26cd1991,I've Got Mine,Glenn Frey,1992,3,91,https://genius.com/Glenn-frey-ive-got-mine-lyrics,coder_a,1,"Someone's sleeping on the sidewalk
As the winter sun goes down
Someone's drinking cold champagne
In another part of town
And the only thing he thinks about
As he sips his glass of wine
It sure feels good sitting here tonight
Now that I've got mine
I've got mine, I've got mine
This isn't such a bitter world
Cause I've got mine",1,2026-02-21T13:37:46Z
fb92d7b0c508c36bb793758d26cd1991,I've Got Mine,Glenn Frey,1992,3,91,https://genius.com/Glenn-frey-ive-got-mine-lyrics,coder_b,1,"Someone's sleeping on the sidewalk
As the winter sun goes down
So I make a small donation
What more can I do
You know I didn't make this world
I'm in it just like you
I've worked all my life on this house of cards",1,2026-02-24T13:58:17Z
fba779ab271a55a16820de62e1e7e39b,Sound Of Da Police,KRS-One,1994,6,89,https://genius.com/Krs-one-sound-of-da-police-lyrics,coder_a,1,"Stand clear! Don man'll talk
You can't stand where I stand, you can't walk where I walk
Watch out! We run New York
Policeman come, we bust him out the park
I know this for a fact, you don't like how I act
You claim I'm sellin' crack, but you be doin' that
I'd rather say ""See ya"", 'cause I would never be ya
Be an officer? You wicked overseer
You hotshot, wanna get props and be a savior?
First show a little respect, change your behavior
Change your attitude, change your plan
There could never really be justice on stolen land",1,2026-02-16T18:11:33Z
fba779ab271a55a16820de62e1e7e39b,Sound Of Da Police,KRS-One,1994,6,89,https://genius.com/Krs-one-sound-of-da-police-lyrics,coder_b,1,Song about the police,1,2026-02-17T23:09:52Z
fc3138ab2ed04712909c955101dce7de,High Time,Styx,1983,7,48,https://genius.com/Styx-high-time-lyrics,coder_a,1,about revolution,1,2026-02-21T13:43:36Z
fc3138ab2ed04712909c955101dce7de,High Time,Styx,1983,7,48,https://genius.com/Styx-high-time-lyrics,coder_b,1,"High time
For us to start a revolution
High time
Just like an a-bomb explosion
High time
It ain't the music that's in question
High time
It's more the freedom of expression",1,2026-02-24T20:32:37Z
fc7e1a21471b78148ce88269ca65d89c,Foreign,Trey Songz,2014,10,84,https://genius.com/Trey-songz-foreign-lyrics,coder_a,0,about sex,0.7,2026-02-21T14:43:52Z
fc7e1a21471b78148ce88269ca65d89c,Foreign,Trey Songz,2014,10,84,https://genius.com/Trey-songz-foreign-lyrics,coder_b,1,One line referencing politics but could be deemed : She working hard like she tryna get a visa,0.6,2026-02-24T23:11:18Z
fd7df6088b8dd9918972b0923853e359,Let Me Talk,Earth| Wind & Fire,1980,9,44,https://genius.com/Earth-wind-and-fire-let-me-talk-lyrics,coder_b,1,"I stand tall (Fifty million voices will say)
World automotives chase the Arab wheel
Partnerships on nuclear, trying to make a deal
Now, what does it lead to?
I'm sure the question flows
Through many minds around the world
I'm sure nobody knows",1,2026-02-17T22:24:03Z
fd7df6088b8dd9918972b0923853e359,Let Me Talk,Earth| Wind & Fire,1980,9,44,https://genius.com/Earth-wind-and-fire-let-me-talk-lyrics,coder_a,1,"Fifty million voices mumbling from the street
Talking 'bout the 80s and who it will mistreat
Now, Joseph Worken Hardy, checkin' out the jive
Glancing at his pocketbook, inflation is alive",1,2026-02-15T17:48:01Z
fe827022a1b8e5a0bb75a2e42c152b68,Only The Young,Taylor Swift,2020,1,50,https://genius.com/Taylor-swift-only-the-young-lyrics,coder_a,1,"So every day now
You brace for the sound you've only heard on TV
You go to class, scared
Wondering where the best hiding spot would be
And the big bad man and his big bad clan
Their hands are stained with red
Oh, how quickly they forget",0.9,2026-02-16T18:08:57Z
fe827022a1b8e5a0bb75a2e42c152b68,Only The Young,Taylor Swift,2020,1,50,https://genius.com/Taylor-swift-only-the-young-lyrics,coder_b,1,"So every day now
You brace for the sound you've only heard on TV
You go to class, scared
Wondering where the best hiding spot would be
And the big bad man and his big bad clan
Their hands are stained with red
Oh, how quickly they forget",1,2026-02-17T23:06:18Z
ff35714ce6ef65d636f687ec645915a4,Tour,Capleton,1995,14,57,https://genius.com/Capleton-tour-lyrics,coder_a,1,"After me lef' from Jamaica, go a foreign pon tour
Preaching teaching the people fi sure
Answer to Jah when him a knock pon your door
If you ignore you goin' perish fi sure

[Verse 1]
Come back a Jamaica, everything insecure
Rich a get rich and the poor a get poor
Come back come hear say Pan Head skull bore
Come back come hear say Dirtsman skull bore",1,2026-02-21T14:08:03Z
ff35714ce6ef65d636f687ec645915a4,Tour,Capleton,1995,14,57,https://genius.com/Capleton-tour-lyrics,coder_b,1,"After me lef' from Jamaica, go a foreign pon tour
Preaching teaching the people fi sure
Answer to Jah when him a knock pon your door
If you ignore you goin' perish fi sure

Whole of dem a dress inna di same pollution
Dawn and John a run competition
Man a take dem money and a go Obeah man",0.9,2026-02-24T22:49:50Z
ff48a99b754ec46ef969e8dcb2e86a23,American Baby,Dave Matthews Band,2005,11,16,https://genius.com/Dave-matthews-band-american-baby-lyrics,coder_b,0,Song about a relationship? Though you could also contextualize American baby to mean stay a certain identity?,0.7,2026-02-24T23:27:16Z
ff48a99b754ec46ef969e8dcb2e86a23,American Baby,Dave Matthews Band,2005,11,16,https://genius.com/Dave-matthews-band-american-baby-lyrics,coder_a,1,"Patriotic themes: Stay beautiful baby
I hope you stay American baby
I hope you stay beautiful baby
I hope you stay American baby
American baby
American baby",0.6,2026-02-22T14:19:37Z
ffdcdf29431c12d7fe5f27617c820b6c,Shuttin' Detroit Down,John Rich,2009,8,75,https://genius.com/John-rich-shuttin-detroit-down-lyrics,coder_a,1,"While the boss man takes his bonus pay and jets on out of town
And DC's bailing out them bankers as the farmers auction ground
While they're living it up on Wall Street in that New York City town",1,2026-02-15T17:21:10Z
ffdcdf29431c12d7fe5f27617c820b6c,Shuttin' Detroit Down,John Rich,2009,8,75,https://genius.com/John-rich-shuttin-detroit-down-lyrics,coder_b,1,"Cause in the real world they're shuttin' Detroit down
While the boss man takes his bonus pay and jets on out of town
And DC's bailing out them bankers as the farmers auction ground
While they're living it up on Wall Street in that New York City town",1,2026-02-16T22:42:26Z
fffb8dc1169a25bd6d4c90591a5d3a21,Bella Linda,The Grass Roots,1969,9,28,https://genius.com/The-grass-roots-bella-linda-lyrics,coder_b,0,Song about a relationship,1,2026-02-25T11:07:02Z
fffb8dc1169a25bd6d4c90591a5d3a21,Bella Linda,The Grass Roots,1969,9,28,https://genius.com/The-grass-roots-bella-linda-lyrics,coder_a,0,love song,1,2026-02-26T18:40:13Z
